﻿<?xml version="1.0" encoding="UTF-8"?>
<ofd:Page xmlns:ofd="http://www.ofdspec.org/2016">
    <ofd:Area>
        <ofd:PhysicalBox>0 0 210 297</ofd:PhysicalBox>
    </ofd:Area>
    <ofd:Content>
        <ofd:Layer ID="Layer1">
        <ofd:TextObject ID="5481" CTM="1 0 0 1 31.7 25.4"><ofd:TextCode>xs se uence</ofd:TextCode></ofd:TextObject>
        <ofd:TextObject ID="5482" CTM="1 0 0 1 31.7 31.599999999999998"><ofd:TextCode>q</ofd:TextCode></ofd:TextObject>
        <ofd:TextObject ID="5483" CTM="1 0 0 1 31.7 37.8"><ofd:TextCode>&lt; :</ofd:TextCode></ofd:TextObject>
        <ofd:TextObject ID="5484" CTM="1 0 0 1 31.7 44"><ofd:TextCode>xs elementname=&quot;Parameter&quot;</ofd:TextCode></ofd:TextObject>
        <ofd:TextObject ID="5485" CTM="1 0 0 1 31.7 50.2"><ofd:TextCode>&gt;</ofd:TextCode></ofd:TextObject>
        <ofd:TextObject ID="5486" CTM="1 0 0 1 31.7 56.400000000000006"><ofd:TextCode>maxOccurs=&quot;unbounded&quot;</ofd:TextCode></ofd:TextObject>
        <ofd:TextObject ID="5487" CTM="1 0 0 1 31.7 62.60000000000001"><ofd:TextCode>&lt; : &gt;</ofd:TextCode></ofd:TextObject>
        <ofd:TextObject ID="5488" CTM="1 0 0 1 31.7 68.80000000000001"><ofd:TextCode>xs complexType</ofd:TextCode></ofd:TextObject>
        <ofd:TextObject ID="5489" CTM="1 0 0 1 31.7 75.00000000000001"><ofd:TextCode>&lt; : &gt;</ofd:TextCode></ofd:TextObject>
        <ofd:TextObject ID="5490" CTM="1 0 0 1 31.7 81.20000000000002"><ofd:TextCode>xs sim leContent</ofd:TextCode></ofd:TextObject>
        <ofd:TextObject ID="5491" CTM="1 0 0 1 31.7 87.40000000000002"><ofd:TextCode>p</ofd:TextCode></ofd:TextObject>
        <ofd:TextObject ID="5492" CTM="1 0 0 1 31.7 93.60000000000002"><ofd:TextCode>&lt; :</ofd:TextCode></ofd:TextObject>
        <ofd:TextObject ID="5493" CTM="1 0 0 1 31.7 99.80000000000003"><ofd:TextCode>xs extension</ofd:TextCode></ofd:TextObject>
        <ofd:TextObject ID="5494" CTM="1 0 0 1 31.7 106.00000000000003"><ofd:TextCode>: &gt;</ofd:TextCode></ofd:TextObject>
        <ofd:TextObject ID="5495" CTM="1 0 0 1 31.7 112.20000000000003"><ofd:TextCode>base=&quot;xs string&quot;</ofd:TextCode></ofd:TextObject>
        <ofd:TextObject ID="5496" CTM="1 0 0 1 31.7 118.40000000000003"><ofd:TextCode>&lt; :</ofd:TextCode></ofd:TextObject>
        <ofd:TextObject ID="5497" CTM="1 0 0 1 31.7 124.60000000000004"><ofd:TextCode>xs attribute</ofd:TextCode></ofd:TextObject>
        <ofd:TextObject ID="5498" CTM="1 0 0 1 31.7 130.80000000000004"><ofd:TextCode>: /&gt;</ofd:TextCode></ofd:TextObject>
        <ofd:TextObject ID="5499" CTM="1 0 0 1 31.7 137.00000000000003"><ofd:TextCode>name=&quot;Name&quot;t e=&quot;xs strin &quot;use=&quot;re uired&quot;</ofd:TextCode></ofd:TextObject>
        <ofd:TextObject ID="5500" CTM="1 0 0 1 31.7 143.20000000000002"><ofd:TextCode>yp g q</ofd:TextCode></ofd:TextObject>
        </ofd:Layer>
    </ofd:Content>
</ofd:Page>
