﻿<?xml version="1.0" encoding="UTF-8"?>
<ofd:Page xmlns:ofd="http://www.ofdspec.org/2016">
    <ofd:Area>
        <ofd:PhysicalBox>0 0 210 297</ofd:PhysicalBox>
    </ofd:Area>
    <ofd:Content>
        <ofd:Layer ID="Layer1">
        <ofd:TextObject ID="1481" CTM="1 0 0 1 31.7 25.4"><ofd:TextCode>) 字 型;</ofd:TextCode></ofd:TextObject>
        <ofd:TextObject ID="1482" CTM="1 0 0 1 31.7 31.599999999999998"><ofd:TextCode>a</ofd:TextCode></ofd:TextObject>
        <ofd:TextObject ID="1483" CTM="1 0 0 1 31.7 37.8"><ofd:TextCode>) 颜 色 空 间;</ofd:TextCode></ofd:TextObject>
        <ofd:TextObject ID="1484" CTM="1 0 0 1 31.7 44"><ofd:TextCode>b</ofd:TextCode></ofd:TextObject>
        <ofd:TextObject ID="1485" CTM="1 0 0 1 31.7 50.2"><ofd:TextCode>) 绘 制 参 数;</ofd:TextCode></ofd:TextObject>
        <ofd:TextObject ID="1486" CTM="1 0 0 1 31.7 56.400000000000006"><ofd:TextCode>c</ofd:TextCode></ofd:TextObject>
        <ofd:TextObject ID="1487" CTM="1 0 0 1 31.7 62.60000000000001"><ofd:TextCode>) ;</ofd:TextCode></ofd:TextObject>
        <ofd:TextObject ID="1488" CTM="1 0 0 1 31.7 68.80000000000001"><ofd:TextCode>矢 量 图 像</ofd:TextCode></ofd:TextObject>
        <ofd:TextObject ID="1489" CTM="1 0 0 1 31.7 75.00000000000001"><ofd:TextCode>d</ofd:TextCode></ofd:TextObject>
        <ofd:TextObject ID="1490" CTM="1 0 0 1 31.7 81.20000000000002"><ofd:TextCode>) 多 媒 体。</ofd:TextCode></ofd:TextObject>
        <ofd:TextObject ID="1491" CTM="1 0 0 1 31.7 87.40000000000002"><ofd:TextCode>e</ofd:TextCode></ofd:TextObject>
        <ofd:TextObject ID="1492" CTM="1 0 0 1 31.7 93.60000000000002"><ofd:TextCode>其 中,多 媒 体 结 构 如 图 所 示。</ofd:TextCode></ofd:TextObject>
        <ofd:TextObject ID="1493" CTM="1 0 0 1 31.7 99.80000000000003"><ofd:TextCode>21</ofd:TextCode></ofd:TextObject>
        <ofd:TextObject ID="1494" CTM="1 0 0 1 31.7 106.00000000000003"><ofd:TextCode>图 多 媒 体 结 构</ofd:TextCode></ofd:TextObject>
        <ofd:TextObject ID="1495" CTM="1 0 0 1 31.7 112.20000000000003"><ofd:TextCode>21</ofd:TextCode></ofd:TextObject>
        <ofd:TextObject ID="1496" CTM="1 0 0 1 31.7 118.40000000000003"><ofd:TextCode>多 媒 体 结 构 说 明 见 表 。</ofd:TextCode></ofd:TextObject>
        <ofd:TextObject ID="1497" CTM="1 0 0 1 31.7 124.60000000000004"><ofd:TextCode>19</ofd:TextCode></ofd:TextObject>
        <ofd:TextObject ID="1498" CTM="1 0 0 1 31.7 130.80000000000004"><ofd:TextCode>表 多 媒 体 属 性</ofd:TextCode></ofd:TextObject>
        <ofd:TextObject ID="1499" CTM="1 0 0 1 31.7 137.00000000000003"><ofd:TextCode>19</ofd:TextCode></ofd:TextObject>
        <ofd:TextObject ID="1500" CTM="1 0 0 1 31.7 143.20000000000002"><ofd:TextCode>名 称 类 型 说 明 备 注</ofd:TextCode></ofd:TextObject>
        </ofd:Layer>
    </ofd:Content>
</ofd:Page>
