﻿<?xml version="1.0" encoding="UTF-8"?>
<ofd:Page xmlns:ofd="http://www.ofdspec.org/2016">
    <ofd:Area>
        <ofd:PhysicalBox>0 0 210 297</ofd:PhysicalBox>
    </ofd:Area>
    <ofd:Content>
        <ofd:Layer ID="Layer1">
        <ofd:TextObject ID="7161" CTM="1 0 0 1 31.7 25.4"><ofd:TextCode>&lt; : _ /&gt;</ofd:TextCode></ofd:TextObject>
        <ofd:TextObject ID="7162" CTM="1 0 0 1 31.7 31.599999999999998"><ofd:TextCode>xs elementname=&quot;Area&quot;type=&quot;CT PageArea&quot;minOccurs=&quot;0&quot;</ofd:TextCode></ofd:TextObject>
        <ofd:TextObject ID="7163" CTM="1 0 0 1 31.7 37.8"><ofd:TextCode>&lt; : &gt;</ofd:TextCode></ofd:TextObject>
        <ofd:TextObject ID="7164" CTM="1 0 0 1 31.7 44"><ofd:TextCode>xs elementname=&quot;Content&quot;minOccurs=&quot;0&quot;</ofd:TextCode></ofd:TextObject>
        <ofd:TextObject ID="7165" CTM="1 0 0 1 31.7 50.2"><ofd:TextCode>&lt; : &gt;</ofd:TextCode></ofd:TextObject>
        <ofd:TextObject ID="7166" CTM="1 0 0 1 31.7 56.400000000000006"><ofd:TextCode>xs complexType</ofd:TextCode></ofd:TextObject>
        <ofd:TextObject ID="7167" CTM="1 0 0 1 31.7 62.60000000000001"><ofd:TextCode>&lt; : &gt;</ofd:TextCode></ofd:TextObject>
        <ofd:TextObject ID="7168" CTM="1 0 0 1 31.7 68.80000000000001"><ofd:TextCode>xs sequence</ofd:TextCode></ofd:TextObject>
        <ofd:TextObject ID="7169" CTM="1 0 0 1 31.7 75.00000000000001"><ofd:TextCode>&lt; : &gt;</ofd:TextCode></ofd:TextObject>
        <ofd:TextObject ID="7170" CTM="1 0 0 1 31.7 81.20000000000002"><ofd:TextCode>xs elementname=&quot;Layer&quot;maxOccurs=&quot;unbounded&quot;</ofd:TextCode></ofd:TextObject>
        <ofd:TextObject ID="7171" CTM="1 0 0 1 31.7 87.40000000000002"><ofd:TextCode>&lt; : &gt;</ofd:TextCode></ofd:TextObject>
        <ofd:TextObject ID="7172" CTM="1 0 0 1 31.7 93.60000000000002"><ofd:TextCode>xs com lexT e</ofd:TextCode></ofd:TextObject>
        <ofd:TextObject ID="7173" CTM="1 0 0 1 31.7 99.80000000000003"><ofd:TextCode>p yp</ofd:TextCode></ofd:TextObject>
        <ofd:TextObject ID="7174" CTM="1 0 0 1 31.7 106.00000000000003"><ofd:TextCode>&lt; : &gt;</ofd:TextCode></ofd:TextObject>
        <ofd:TextObject ID="7175" CTM="1 0 0 1 31.7 112.20000000000003"><ofd:TextCode>xs complexContent</ofd:TextCode></ofd:TextObject>
        <ofd:TextObject ID="7176" CTM="1 0 0 1 31.7 118.40000000000003"><ofd:TextCode>&lt; : _ &gt;</ofd:TextCode></ofd:TextObject>
        <ofd:TextObject ID="7177" CTM="1 0 0 1 31.7 124.60000000000004"><ofd:TextCode>xs extensionbase=&quot;CT Layer&quot;</ofd:TextCode></ofd:TextObject>
        <ofd:TextObject ID="7178" CTM="1 0 0 1 31.7 130.80000000000004"><ofd:TextCode>&lt; : _</ofd:TextCode></ofd:TextObject>
        <ofd:TextObject ID="7179" CTM="1 0 0 1 31.7 137.00000000000003"><ofd:TextCode>xs attributename=&quot;ID&quot;t e=&quot;ST ID&quot;</ofd:TextCode></ofd:TextObject>
        <ofd:TextObject ID="7180" CTM="1 0 0 1 31.7 143.20000000000002"><ofd:TextCode>yp</ofd:TextCode></ofd:TextObject>
        </ofd:Layer>
    </ofd:Content>
</ofd:Page>
