﻿<?xml version="1.0" encoding="UTF-8"?>
<ofd:Page xmlns:ofd="http://www.ofdspec.org/2016">
    <ofd:Area>
        <ofd:PhysicalBox>0 0 210 297</ofd:PhysicalBox>
    </ofd:Area>
    <ofd:Content>
        <ofd:Layer ID="Layer1">
        <ofd:TextObject ID="2061" CTM="1 0 0 1 31.7 25.4"><ofd:TextCode>
=== 第 41 页 ===
</ofd:TextCode></ofd:TextObject>
        <ofd:TextObject ID="2062" CTM="1 0 0 1 31.7 31.4"><ofd:TextCode>/ —</ofd:TextCode></ofd:TextObject>
        <ofd:TextObject ID="2063" CTM="1 0 0 1 31.7 37.6"><ofd:TextCode>GB T 33190 2016</ofd:TextCode></ofd:TextObject>
        <ofd:TextObject ID="2064" CTM="1 0 0 1 31.7 43.800000000000004"><ofd:TextCode>方 式 和 处 理 过 程 无 关。 渐 变 可 用 于 图 形 和 文 字 的 填 充 以 及 勾 边 处 理,推 荐 在 使 用 渐 变 对 象 的 同 时 使 用</ofd:TextCode></ofd:TextObject>
        <ofd:TextObject ID="2065" CTM="1 0 0 1 31.7 50.00000000000001"><ofd:TextCode>裁 剪 区 与 之 相 配 合,以 便 用 较 小 的 代 价 描 绘 出 复 杂 的 渲 染 效 果。</ofd:TextCode></ofd:TextObject>
        <ofd:TextObject ID="2066" CTM="1 0 0 1 31.7 56.20000000000001"><ofd:TextCode>本 标 准 支 持 轴 向、径 向、高 洛 德 等 多 种 渐 变 类 型,渐 变 区 间 定 义 为 由 起 始 点 位 置 到 结 束 点 位 置 的 一</ofd:TextCode></ofd:TextObject>
        <ofd:TextObject ID="2067" CTM="1 0 0 1 31.7 62.40000000000001"><ofd:TextCode>。</ofd:TextCode></ofd:TextObject>
        <ofd:TextObject ID="2068" CTM="1 0 0 1 31.7 68.60000000000001"><ofd:TextCode>次 颜 色 渐 变</ofd:TextCode></ofd:TextObject>
        <ofd:TextObject ID="2069" CTM="1 0 0 1 31.7 74.80000000000001"><ofd:TextCode>轴 向 渐 变</ofd:TextCode></ofd:TextObject>
        <ofd:TextObject ID="2070" CTM="1 0 0 1 31.7 81.00000000000001"><ofd:TextCode>8.3.4.2</ofd:TextCode></ofd:TextObject>
        <ofd:TextObject ID="2071" CTM="1 0 0 1 31.7 87.20000000000002"><ofd:TextCode>在 轴 向 渐 变 中,颜 色 渐 变 沿 着 一 条 指 定 的 轴 线 方 向 进 行,轴 线 由 起 始 点 和 结 束 点 决 定,与 这 条 轴 线</ofd:TextCode></ofd:TextObject>
        <ofd:TextObject ID="2072" CTM="1 0 0 1 31.7 93.40000000000002"><ofd:TextCode>。</ofd:TextCode></ofd:TextObject>
        <ofd:TextObject ID="2073" CTM="1 0 0 1 31.7 99.60000000000002"><ofd:TextCode>垂 直 的 直 线 上 的 点 颜 色 相 同</ofd:TextCode></ofd:TextObject>
        <ofd:TextObject ID="2074" CTM="1 0 0 1 31.7 105.80000000000003"><ofd:TextCode>图 所 示 是 一 个 典 型 的 轴 向 渐 变 示 例</ofd:TextCode></ofd:TextObject>
        <ofd:TextObject ID="2075" CTM="1 0 0 1 31.7 112.00000000000003"><ofd:TextCode>29</ofd:TextCode></ofd:TextObject>
        <ofd:TextObject ID="2076" CTM="1 0 0 1 31.7 118.20000000000003"><ofd:TextCode>图 轴 向 渐 变</ofd:TextCode></ofd:TextObject>
        <ofd:TextObject ID="2077" CTM="1 0 0 1 31.7 124.40000000000003"><ofd:TextCode>29</ofd:TextCode></ofd:TextObject>
        <ofd:TextObject ID="2078" CTM="1 0 0 1 31.7 130.60000000000002"><ofd:TextCode>轴 向 渐 变 结 构 如 图 所 示。</ofd:TextCode></ofd:TextObject>
        <ofd:TextObject ID="2079" CTM="1 0 0 1 31.7 136.8"><ofd:TextCode>30</ofd:TextCode></ofd:TextObject>
        <ofd:TextObject ID="2080" CTM="1 0 0 1 31.7 143"><ofd:TextCode>图 轴 向 渐 变 结 构</ofd:TextCode></ofd:TextObject>
        </ofd:Layer>
    </ofd:Content>
</ofd:Page>
