﻿<?xml version="1.0" encoding="UTF-8"?>
<ofd:Page xmlns:ofd="http://www.ofdspec.org/2016">
    <ofd:Area>
        <ofd:PhysicalBox>0 0 210 297</ofd:PhysicalBox>
    </ofd:Area>
    <ofd:Content>
        <ofd:Layer ID="Layer1">
        <ofd:TextObject ID="4741" CTM="1 0 0 1 31.7 25.4"><ofd:TextCode>xs complexType</ofd:TextCode></ofd:TextObject>
        <ofd:TextObject ID="4742" CTM="1 0 0 1 31.7 31.599999999999998"><ofd:TextCode>&lt;/ : &gt;</ofd:TextCode></ofd:TextObject>
        <ofd:TextObject ID="4743" CTM="1 0 0 1 31.7 37.8"><ofd:TextCode>xs element</ofd:TextCode></ofd:TextObject>
        <ofd:TextObject ID="4744" CTM="1 0 0 1 31.7 44"><ofd:TextCode>&lt; : _</ofd:TextCode></ofd:TextObject>
        <ofd:TextObject ID="4745" CTM="1 0 0 1 31.7 50.2"><ofd:TextCode>xs elementname=&quot;Signatures&quot;type=&quot;ST Loc&quot;</ofd:TextCode></ofd:TextObject>
        <ofd:TextObject ID="4746" CTM="1 0 0 1 31.7 56.400000000000006"><ofd:TextCode>91</ofd:TextCode></ofd:TextObject>
        <ofd:TextObject ID="4747" CTM="1 0 0 1 31.7 62.60000000000001"><ofd:TextCode>
</ofd:TextCode></ofd:TextObject>
        <ofd:TextObject ID="4748" CTM="1 0 0 1 31.7 67.00000000000001"><ofd:TextCode>
=== 第 97 页 ===
</ofd:TextCode></ofd:TextObject>
        <ofd:TextObject ID="4749" CTM="1 0 0 1 31.7 73.00000000000001"><ofd:TextCode>/ —</ofd:TextCode></ofd:TextObject>
        <ofd:TextObject ID="4750" CTM="1 0 0 1 31.7 79.20000000000002"><ofd:TextCode>GB T 33190 2016</ofd:TextCode></ofd:TextObject>
        <ofd:TextObject ID="4751" CTM="1 0 0 1 31.7 85.40000000000002"><ofd:TextCode>/&gt;</ofd:TextCode></ofd:TextObject>
        <ofd:TextObject ID="4752" CTM="1 0 0 1 31.7 91.60000000000002"><ofd:TextCode>minOccurs=&quot;0&quot;</ofd:TextCode></ofd:TextObject>
        <ofd:TextObject ID="4753" CTM="1 0 0 1 31.7 97.80000000000003"><ofd:TextCode>&lt;/ : &gt;</ofd:TextCode></ofd:TextObject>
        <ofd:TextObject ID="4754" CTM="1 0 0 1 31.7 104.00000000000003"><ofd:TextCode>xs se uence</ofd:TextCode></ofd:TextObject>
        <ofd:TextObject ID="4755" CTM="1 0 0 1 31.7 110.20000000000003"><ofd:TextCode>q</ofd:TextCode></ofd:TextObject>
        <ofd:TextObject ID="4756" CTM="1 0 0 1 31.7 116.40000000000003"><ofd:TextCode>&lt;/ : &gt;</ofd:TextCode></ofd:TextObject>
        <ofd:TextObject ID="4757" CTM="1 0 0 1 31.7 122.60000000000004"><ofd:TextCode>xs com lexT e</ofd:TextCode></ofd:TextObject>
        <ofd:TextObject ID="4758" CTM="1 0 0 1 31.7 128.80000000000004"><ofd:TextCode>p yp</ofd:TextCode></ofd:TextObject>
        <ofd:TextObject ID="4759" CTM="1 0 0 1 31.7 135.00000000000003"><ofd:TextCode>&lt;/ : &gt;</ofd:TextCode></ofd:TextObject>
        <ofd:TextObject ID="4760" CTM="1 0 0 1 31.7 141.20000000000002"><ofd:TextCode>xs element</ofd:TextCode></ofd:TextObject>
        </ofd:Layer>
    </ofd:Content>
</ofd:Page>
