﻿<?xml version="1.0" encoding="UTF-8"?>
<ofd:Page xmlns:ofd="http://www.ofdspec.org/2016">
    <ofd:Area>
        <ofd:PhysicalBox>0 0 210 297</ofd:PhysicalBox>
    </ofd:Area>
    <ofd:Content>
        <ofd:Layer ID="Layer1">
        <ofd:TextObject ID="7661" CTM="1 0 0 1 31.7 25.4"><ofd:TextCode>
=== 第 126 页 ===
</ofd:TextCode></ofd:TextObject>
        <ofd:TextObject ID="7662" CTM="1 0 0 1 31.7 31.4"><ofd:TextCode>/ —</ofd:TextCode></ofd:TextObject>
        <ofd:TextObject ID="7663" CTM="1 0 0 1 31.7 37.6"><ofd:TextCode>GB T 33190 2016</ofd:TextCode></ofd:TextObject>
        <ofd:TextObject ID="7664" CTM="1 0 0 1 31.7 43.800000000000004"><ofd:TextCode>&lt; : /&gt;</ofd:TextCode></ofd:TextObject>
        <ofd:TextObject ID="7665" CTM="1 0 0 1 31.7 50.00000000000001"><ofd:TextCode>xs enumerationvalue=&quot;900&quot;</ofd:TextCode></ofd:TextObject>
        <ofd:TextObject ID="7666" CTM="1 0 0 1 31.7 56.20000000000001"><ofd:TextCode>&lt; : /&gt;</ofd:TextCode></ofd:TextObject>
        <ofd:TextObject ID="7667" CTM="1 0 0 1 31.7 62.40000000000001"><ofd:TextCode>xs enumerationvalue=&quot;1000&quot;</ofd:TextCode></ofd:TextObject>
        <ofd:TextObject ID="7668" CTM="1 0 0 1 31.7 68.60000000000001"><ofd:TextCode>&lt;/ : &gt;</ofd:TextCode></ofd:TextObject>
        <ofd:TextObject ID="7669" CTM="1 0 0 1 31.7 74.80000000000001"><ofd:TextCode>xs restriction</ofd:TextCode></ofd:TextObject>
        <ofd:TextObject ID="7670" CTM="1 0 0 1 31.7 81.00000000000001"><ofd:TextCode>&lt;/ : &gt;</ofd:TextCode></ofd:TextObject>
        <ofd:TextObject ID="7671" CTM="1 0 0 1 31.7 87.20000000000002"><ofd:TextCode>xs simpleType</ofd:TextCode></ofd:TextObject>
        <ofd:TextObject ID="7672" CTM="1 0 0 1 31.7 93.40000000000002"><ofd:TextCode>&lt;/ : &gt;</ofd:TextCode></ofd:TextObject>
        <ofd:TextObject ID="7673" CTM="1 0 0 1 31.7 99.60000000000002"><ofd:TextCode>xs attribute</ofd:TextCode></ofd:TextObject>
        <ofd:TextObject ID="7674" CTM="1 0 0 1 31.7 105.80000000000003"><ofd:TextCode>&lt; : : /&gt;</ofd:TextCode></ofd:TextObject>
        <ofd:TextObject ID="7675" CTM="1 0 0 1 31.7 112.00000000000003"><ofd:TextCode>xs attributename=&quot;Italic&quot;t e=&quot;xs boolean&quot;default=&quot;false&quot;</ofd:TextCode></ofd:TextObject>
        <ofd:TextObject ID="7676" CTM="1 0 0 1 31.7 118.20000000000003"><ofd:TextCode>yp</ofd:TextCode></ofd:TextObject>
        <ofd:TextObject ID="7677" CTM="1 0 0 1 31.7 124.40000000000003"><ofd:TextCode>&lt;/ : &gt;</ofd:TextCode></ofd:TextObject>
        <ofd:TextObject ID="7678" CTM="1 0 0 1 31.7 130.60000000000002"><ofd:TextCode>xs extension</ofd:TextCode></ofd:TextObject>
        <ofd:TextObject ID="7679" CTM="1 0 0 1 31.7 136.8"><ofd:TextCode>&lt;/ : &gt;</ofd:TextCode></ofd:TextObject>
        <ofd:TextObject ID="7680" CTM="1 0 0 1 31.7 143"><ofd:TextCode>xs complexContent</ofd:TextCode></ofd:TextObject>
        </ofd:Layer>
    </ofd:Content>
</ofd:Page>
