﻿<?xml version="1.0" encoding="UTF-8"?>
<ofd:Page xmlns:ofd="http://www.ofdspec.org/2016">
    <ofd:Area>
        <ofd:PhysicalBox>0 0 210 297</ofd:PhysicalBox>
    </ofd:Area>
    <ofd:Content>
        <ofd:Layer ID="Layer1">
        <ofd:TextObject ID="981" CTM="1 0 0 1 31.7 25.4"><ofd:TextCode>默 认 为</ofd:TextCode></ofd:TextObject>
        <ofd:TextObject ID="982" CTM="1 0 0 1 31.7 31.599999999999998"><ofd:TextCode>true</ofd:TextCode></ofd:TextObject>
        <ofd:TextObject ID="983" CTM="1 0 0 1 31.7 37.8"><ofd:TextCode>打 印 权 限,其 具 体 的 权 限 和 份 数 设 置 由 其 属 性 及</ofd:TextCode></ofd:TextObject>
        <ofd:TextObject ID="984" CTM="1 0 0 1 31.7 44"><ofd:TextCode>Printable Coies</ofd:TextCode></ofd:TextObject>
        <ofd:TextObject ID="985" CTM="1 0 0 1 31.7 50.2"><ofd:TextCode>p</ofd:TextCode></ofd:TextObject>
        <ofd:TextObject ID="986" CTM="1 0 0 1 31.7 56.400000000000006"><ofd:TextCode>, , ,</ofd:TextCode></ofd:TextObject>
        <ofd:TextObject ID="987" CTM="1 0 0 1 31.7 62.60000000000001"><ofd:TextCode>控 制 若 不 设 置 节 点 则 默 认 为 可 以 打 印 并 且 打 印 份 数 不 受 可 选</ofd:TextCode></ofd:TextObject>
        <ofd:TextObject ID="988" CTM="1 0 0 1 31.7 68.80000000000001"><ofd:TextCode>Print Print</ofd:TextCode></ofd:TextObject>
        <ofd:TextObject ID="989" CTM="1 0 0 1 31.7 75.00000000000001"><ofd:TextCode>限 制</ofd:TextCode></ofd:TextObject>
        <ofd:TextObject ID="990" CTM="1 0 0 1 31.7 81.20000000000002"><ofd:TextCode>文 档 是 否 允 许 被 打 印</ofd:TextCode></ofd:TextObject>
        <ofd:TextObject ID="991" CTM="1 0 0 1 31.7 87.40000000000002"><ofd:TextCode>: 可 选</ofd:TextCode></ofd:TextObject>
        <ofd:TextObject ID="992" CTM="1 0 0 1 31.7 93.60000000000002"><ofd:TextCode>Printable xsboolean</ofd:TextCode></ofd:TextObject>
        <ofd:TextObject ID="993" CTM="1 0 0 1 31.7 99.80000000000003"><ofd:TextCode>默 认 为</ofd:TextCode></ofd:TextObject>
        <ofd:TextObject ID="994" CTM="1 0 0 1 31.7 106.00000000000003"><ofd:TextCode>true</ofd:TextCode></ofd:TextObject>
        <ofd:TextObject ID="995" CTM="1 0 0 1 31.7 112.20000000000003"><ofd:TextCode>, ,</ofd:TextCode></ofd:TextObject>
        <ofd:TextObject ID="996" CTM="1 0 0 1 31.7 118.40000000000003"><ofd:TextCode>打 印 份 数 在 为 时 有 效 若 为 并 且 不 设</ofd:TextCode></ofd:TextObject>
        <ofd:TextObject ID="997" CTM="1 0 0 1 31.7 124.60000000000004"><ofd:TextCode>Printable true Printable true</ofd:TextCode></ofd:TextObject>
        <ofd:TextObject ID="998" CTM="1 0 0 1 31.7 130.80000000000004"><ofd:TextCode>置 则 打 印 份 数 不 受 限,若 的 值 为 负 值 时,打 印 份 数 不</ofd:TextCode></ofd:TextObject>
        <ofd:TextObject ID="999" CTM="1 0 0 1 31.7 137.00000000000003"><ofd:TextCode>Copies Copies</ofd:TextCode></ofd:TextObject>
        <ofd:TextObject ID="1000" CTM="1 0 0 1 31.7 143.20000000000002"><ofd:TextCode>: 可 选</ofd:TextCode></ofd:TextObject>
        </ofd:Layer>
    </ofd:Content>
</ofd:Page>
