﻿<?xml version="1.0" encoding="UTF-8"?>
<ofd:Page xmlns:ofd="http://www.ofdspec.org/2016">
    <ofd:Area>
        <ofd:PhysicalBox>0 0 210 297</ofd:PhysicalBox>
    </ofd:Area>
    <ofd:Content>
        <ofd:Layer ID="Layer1">
        <ofd:TextObject ID="7601" CTM="1 0 0 1 31.7 25.4"><ofd:TextCode>_ /&gt;</ofd:TextCode></ofd:TextObject>
        <ofd:TextObject ID="7602" CTM="1 0 0 1 31.7 31.599999999999998"><ofd:TextCode>type=&quot;ST Array&quot;</ofd:TextCode></ofd:TextObject>
        <ofd:TextObject ID="7603" CTM="1 0 0 1 31.7 37.8"><ofd:TextCode>&lt;/ : &gt;</ofd:TextCode></ofd:TextObject>
        <ofd:TextObject ID="7604" CTM="1 0 0 1 31.7 44"><ofd:TextCode>xs extension</ofd:TextCode></ofd:TextObject>
        <ofd:TextObject ID="7605" CTM="1 0 0 1 31.7 50.2"><ofd:TextCode>&lt;/ : &gt;</ofd:TextCode></ofd:TextObject>
        <ofd:TextObject ID="7606" CTM="1 0 0 1 31.7 56.400000000000006"><ofd:TextCode>xs sim leContent</ofd:TextCode></ofd:TextObject>
        <ofd:TextObject ID="7607" CTM="1 0 0 1 31.7 62.60000000000001"><ofd:TextCode>p</ofd:TextCode></ofd:TextObject>
        <ofd:TextObject ID="7608" CTM="1 0 0 1 31.7 68.80000000000001"><ofd:TextCode>&lt;/ : &gt;</ofd:TextCode></ofd:TextObject>
        <ofd:TextObject ID="7609" CTM="1 0 0 1 31.7 75.00000000000001"><ofd:TextCode>xs com lexT e</ofd:TextCode></ofd:TextObject>
        <ofd:TextObject ID="7610" CTM="1 0 0 1 31.7 81.20000000000002"><ofd:TextCode>p yp</ofd:TextCode></ofd:TextObject>
        <ofd:TextObject ID="7611" CTM="1 0 0 1 31.7 87.40000000000002"><ofd:TextCode>&lt;/ : &gt;</ofd:TextCode></ofd:TextObject>
        <ofd:TextObject ID="7612" CTM="1 0 0 1 31.7 93.60000000000002"><ofd:TextCode>xs element</ofd:TextCode></ofd:TextObject>
        <ofd:TextObject ID="7613" CTM="1 0 0 1 31.7 99.80000000000003"><ofd:TextCode>&lt;/ : &gt;</ofd:TextCode></ofd:TextObject>
        <ofd:TextObject ID="7614" CTM="1 0 0 1 31.7 106.00000000000003"><ofd:TextCode>xs sequence</ofd:TextCode></ofd:TextObject>
        <ofd:TextObject ID="7615" CTM="1 0 0 1 31.7 112.20000000000003"><ofd:TextCode>&lt;/ : &gt;</ofd:TextCode></ofd:TextObject>
        <ofd:TextObject ID="7616" CTM="1 0 0 1 31.7 118.40000000000003"><ofd:TextCode>xs se uence</ofd:TextCode></ofd:TextObject>
        <ofd:TextObject ID="7617" CTM="1 0 0 1 31.7 124.60000000000004"><ofd:TextCode>q</ofd:TextCode></ofd:TextObject>
        <ofd:TextObject ID="7618" CTM="1 0 0 1 31.7 130.80000000000004"><ofd:TextCode>&lt; : _ /&gt;</ofd:TextCode></ofd:TextObject>
        <ofd:TextObject ID="7619" CTM="1 0 0 1 31.7 137.00000000000003"><ofd:TextCode>xs attributename=&quot;Font&quot;type=&quot;ST RefID&quot;use=&quot;required&quot;</ofd:TextCode></ofd:TextObject>
        <ofd:TextObject ID="7620" CTM="1 0 0 1 31.7 143.20000000000002"><ofd:TextCode>&lt; : : /&gt;</ofd:TextCode></ofd:TextObject>
        </ofd:Layer>
    </ofd:Content>
</ofd:Page>
