﻿<?xml version="1.0" encoding="UTF-8"?>
<ofd:Page xmlns:ofd="http://www.ofdspec.org/2016">
    <ofd:Area>
        <ofd:PhysicalBox>0 0 210 297</ofd:PhysicalBox>
    </ofd:Area>
    <ofd:Content>
        <ofd:Layer ID="Layer1">
        <ofd:TextObject ID="5921" CTM="1 0 0 1 31.7 25.4"><ofd:TextCode>&lt; : _ /&gt;</ofd:TextCode></ofd:TextObject>
        <ofd:TextObject ID="5922" CTM="1 0 0 1 31.7 31.599999999999998"><ofd:TextCode>xs elementname=&quot;StrokeColor&quot;type=&quot;CT Color&quot;minOccurs=&quot;0&quot;</ofd:TextCode></ofd:TextObject>
        <ofd:TextObject ID="5923" CTM="1 0 0 1 31.7 37.8"><ofd:TextCode>&lt;/ : &gt;</ofd:TextCode></ofd:TextObject>
        <ofd:TextObject ID="5924" CTM="1 0 0 1 31.7 44"><ofd:TextCode>xs sequence</ofd:TextCode></ofd:TextObject>
        <ofd:TextObject ID="5925" CTM="1 0 0 1 31.7 50.2"><ofd:TextCode>&lt; : _ /&gt;</ofd:TextCode></ofd:TextObject>
        <ofd:TextObject ID="5926" CTM="1 0 0 1 31.7 56.400000000000006"><ofd:TextCode>xs attributename=&quot;Relative&quot;t e=&quot;ST RefID&quot;</ofd:TextCode></ofd:TextObject>
        <ofd:TextObject ID="5927" CTM="1 0 0 1 31.7 62.60000000000001"><ofd:TextCode>yp</ofd:TextCode></ofd:TextObject>
        <ofd:TextObject ID="5928" CTM="1 0 0 1 31.7 68.80000000000001"><ofd:TextCode>&lt; : : /&gt;</ofd:TextCode></ofd:TextObject>
        <ofd:TextObject ID="5929" CTM="1 0 0 1 31.7 75.00000000000001"><ofd:TextCode>xs attributename=&quot;LineWidth&quot;type=&quot;xs double&quot;default=&quot;0.353&quot;</ofd:TextCode></ofd:TextObject>
        <ofd:TextObject ID="5930" CTM="1 0 0 1 31.7 81.20000000000002"><ofd:TextCode>&lt; : : /&gt;</ofd:TextCode></ofd:TextObject>
        <ofd:TextObject ID="5931" CTM="1 0 0 1 31.7 87.40000000000002"><ofd:TextCode>xs attributename=&quot;Join&quot;type=&quot;xs string&quot;default=&quot;Miter&quot;</ofd:TextCode></ofd:TextObject>
        <ofd:TextObject ID="5932" CTM="1 0 0 1 31.7 93.60000000000002"><ofd:TextCode>&lt; : : /&gt;</ofd:TextCode></ofd:TextObject>
        <ofd:TextObject ID="5933" CTM="1 0 0 1 31.7 99.80000000000003"><ofd:TextCode>xs attributename=&quot;Ca &quot;t e=&quot;xs strin &quot;default=&quot;Butt&quot;</ofd:TextCode></ofd:TextObject>
        <ofd:TextObject ID="5934" CTM="1 0 0 1 31.7 106.00000000000003"><ofd:TextCode>p yp g</ofd:TextCode></ofd:TextObject>
        <ofd:TextObject ID="5935" CTM="1 0 0 1 31.7 112.20000000000003"><ofd:TextCode>&lt; : : /&gt;</ofd:TextCode></ofd:TextObject>
        <ofd:TextObject ID="5936" CTM="1 0 0 1 31.7 118.40000000000003"><ofd:TextCode>xs attributename=&quot;DashOffset&quot;t e=&quot;xs double&quot;default=&quot;0&quot;</ofd:TextCode></ofd:TextObject>
        <ofd:TextObject ID="5937" CTM="1 0 0 1 31.7 124.60000000000004"><ofd:TextCode>yp</ofd:TextCode></ofd:TextObject>
        <ofd:TextObject ID="5938" CTM="1 0 0 1 31.7 130.80000000000004"><ofd:TextCode>&lt; : _ /&gt;</ofd:TextCode></ofd:TextObject>
        <ofd:TextObject ID="5939" CTM="1 0 0 1 31.7 137.00000000000003"><ofd:TextCode>xs attributename=&quot;DashPattern&quot;type=&quot;ST Array&quot;</ofd:TextCode></ofd:TextObject>
        <ofd:TextObject ID="5940" CTM="1 0 0 1 31.7 143.20000000000002"><ofd:TextCode>&lt; : : /&gt;</ofd:TextCode></ofd:TextObject>
        </ofd:Layer>
    </ofd:Content>
</ofd:Page>
