﻿<?xml version="1.0" encoding="UTF-8"?>
<ofd:Page xmlns:ofd="http://www.ofdspec.org/2016">
    <ofd:Area>
        <ofd:PhysicalBox>0 0 210 297</ofd:PhysicalBox>
    </ofd:Area>
    <ofd:Content>
        <ofd:Layer ID="Layer1">
        <ofd:TextObject ID="5141" CTM="1 0 0 1 31.7 25.4"><ofd:TextCode>xs elementname=&quot;PrintScreen&quot;t e=&quot;xs boolean&quot;default=&quot;true&quot;</ofd:TextCode></ofd:TextObject>
        <ofd:TextObject ID="5142" CTM="1 0 0 1 31.7 31.599999999999998"><ofd:TextCode>yp</ofd:TextCode></ofd:TextObject>
        <ofd:TextObject ID="5143" CTM="1 0 0 1 31.7 37.8"><ofd:TextCode>/&gt;</ofd:TextCode></ofd:TextObject>
        <ofd:TextObject ID="5144" CTM="1 0 0 1 31.7 44"><ofd:TextCode>minOccurs=&quot;0&quot;</ofd:TextCode></ofd:TextObject>
        <ofd:TextObject ID="5145" CTM="1 0 0 1 31.7 50.2"><ofd:TextCode>&lt; : &gt;</ofd:TextCode></ofd:TextObject>
        <ofd:TextObject ID="5146" CTM="1 0 0 1 31.7 56.400000000000006"><ofd:TextCode>xs elementname=&quot;Print&quot;minOccurs=&quot;0&quot;</ofd:TextCode></ofd:TextObject>
        <ofd:TextObject ID="5147" CTM="1 0 0 1 31.7 62.60000000000001"><ofd:TextCode>&lt; : &gt;</ofd:TextCode></ofd:TextObject>
        <ofd:TextObject ID="5148" CTM="1 0 0 1 31.7 68.80000000000001"><ofd:TextCode>xs complexType</ofd:TextCode></ofd:TextObject>
        <ofd:TextObject ID="5149" CTM="1 0 0 1 31.7 75.00000000000001"><ofd:TextCode>&lt; : :</ofd:TextCode></ofd:TextObject>
        <ofd:TextObject ID="5150" CTM="1 0 0 1 31.7 81.20000000000002"><ofd:TextCode>xs attributename=&quot;Printable&quot;t e=&quot;xs boolean&quot;</ofd:TextCode></ofd:TextObject>
        <ofd:TextObject ID="5151" CTM="1 0 0 1 31.7 87.40000000000002"><ofd:TextCode>yp</ofd:TextCode></ofd:TextObject>
        <ofd:TextObject ID="5152" CTM="1 0 0 1 31.7 93.60000000000002"><ofd:TextCode>/&gt;</ofd:TextCode></ofd:TextObject>
        <ofd:TextObject ID="5153" CTM="1 0 0 1 31.7 99.80000000000003"><ofd:TextCode>use=&quot;required&quot;</ofd:TextCode></ofd:TextObject>
        <ofd:TextObject ID="5154" CTM="1 0 0 1 31.7 106.00000000000003"><ofd:TextCode>95</ofd:TextCode></ofd:TextObject>
        <ofd:TextObject ID="5155" CTM="1 0 0 1 31.7 112.20000000000003"><ofd:TextCode>
</ofd:TextCode></ofd:TextObject>
        <ofd:TextObject ID="5156" CTM="1 0 0 1 31.7 116.60000000000004"><ofd:TextCode>
=== 第 101 页 ===
</ofd:TextCode></ofd:TextObject>
        <ofd:TextObject ID="5157" CTM="1 0 0 1 31.7 122.60000000000004"><ofd:TextCode>/ —</ofd:TextCode></ofd:TextObject>
        <ofd:TextObject ID="5158" CTM="1 0 0 1 31.7 128.80000000000004"><ofd:TextCode>GB T 33190 2016</ofd:TextCode></ofd:TextObject>
        <ofd:TextObject ID="5159" CTM="1 0 0 1 31.7 135.00000000000003"><ofd:TextCode>&lt; : : /&gt;</ofd:TextCode></ofd:TextObject>
        <ofd:TextObject ID="5160" CTM="1 0 0 1 31.7 141.20000000000002"><ofd:TextCode>xs attributename=&quot;Copies&quot;type=&quot;xs int&quot;default=&quot;-1&quot;</ofd:TextCode></ofd:TextObject>
        </ofd:Layer>
    </ofd:Content>
</ofd:Page>
