﻿<?xml version="1.0" encoding="UTF-8"?>
<ofd:Page xmlns:ofd="http://www.ofdspec.org/2016">
    <ofd:Area>
        <ofd:PhysicalBox>0 0 210 297</ofd:PhysicalBox>
    </ofd:Area>
    <ofd:Content>
        <ofd:Layer ID="Layer1">
        <ofd:TextObject ID="3221" CTM="1 0 0 1 31.7 25.4"><ofd:TextCode>= - 0 + - 1 + 2 ∈</ofd:TextCode></ofd:TextObject>
        <ofd:TextObject ID="3222" CTM="1 0 0 1 31.7 31.599999999999998"><ofd:TextCode>。</ofd:TextCode></ofd:TextObject>
        <ofd:TextObject ID="3223" CTM="1 0 0 1 31.7 37.8"><ofd:TextCode>三 次 贝 塞 尔 曲 线 结 构 如 图 所 示</ofd:TextCode></ofd:TextObject>
        <ofd:TextObject ID="3224" CTM="1 0 0 1 31.7 44"><ofd:TextCode>53</ofd:TextCode></ofd:TextObject>
        <ofd:TextObject ID="3225" CTM="1 0 0 1 31.7 50.2"><ofd:TextCode>图 三 次 贝 塞 尔 曲 线 结 构</ofd:TextCode></ofd:TextObject>
        <ofd:TextObject ID="3226" CTM="1 0 0 1 31.7 56.400000000000006"><ofd:TextCode>53</ofd:TextCode></ofd:TextObject>
        <ofd:TextObject ID="3227" CTM="1 0 0 1 31.7 62.60000000000001"><ofd:TextCode>三 次 贝 塞 尔 曲 线 属 性 说 明 见 表 。</ofd:TextCode></ofd:TextObject>
        <ofd:TextObject ID="3228" CTM="1 0 0 1 31.7 68.80000000000001"><ofd:TextCode>41</ofd:TextCode></ofd:TextObject>
        <ofd:TextObject ID="3229" CTM="1 0 0 1 31.7 75.00000000000001"><ofd:TextCode>表 三 次 贝 塞 尔 曲 线 属 性</ofd:TextCode></ofd:TextObject>
        <ofd:TextObject ID="3230" CTM="1 0 0 1 31.7 81.20000000000002"><ofd:TextCode>41</ofd:TextCode></ofd:TextObject>
        <ofd:TextObject ID="3231" CTM="1 0 0 1 31.7 87.40000000000002"><ofd:TextCode>名 称 类 型 说 明 备 注</ofd:TextCode></ofd:TextObject>
        <ofd:TextObject ID="3232" CTM="1 0 0 1 31.7 93.60000000000002"><ofd:TextCode>_ 三 次 贝 塞 尔 曲 线 的 第 一 个 控 制 点 可 选</ofd:TextCode></ofd:TextObject>
        <ofd:TextObject ID="3233" CTM="1 0 0 1 31.7 99.80000000000003"><ofd:TextCode>Point1 STPos</ofd:TextCode></ofd:TextObject>
        <ofd:TextObject ID="3234" CTM="1 0 0 1 31.7 106.00000000000003"><ofd:TextCode>_ 三 次 贝 塞 尔 曲 线 的 第 二 个 控 制 点 可 选</ofd:TextCode></ofd:TextObject>
        <ofd:TextObject ID="3235" CTM="1 0 0 1 31.7 112.20000000000003"><ofd:TextCode>Point2 STPos</ofd:TextCode></ofd:TextObject>
        <ofd:TextObject ID="3236" CTM="1 0 0 1 31.7 118.40000000000003"><ofd:TextCode>_ 三 次 贝 塞 尔 曲 线 的 结 束 点,下 一 路 径 的 起 始 点 必 选</ofd:TextCode></ofd:TextObject>
        <ofd:TextObject ID="3237" CTM="1 0 0 1 31.7 124.60000000000004"><ofd:TextCode>Point3 STPos</ofd:TextCode></ofd:TextObject>
        <ofd:TextObject ID="3238" CTM="1 0 0 1 31.7 130.80000000000004"><ofd:TextCode>56</ofd:TextCode></ofd:TextObject>
        <ofd:TextObject ID="3239" CTM="1 0 0 1 31.7 137.00000000000003"><ofd:TextCode>
</ofd:TextCode></ofd:TextObject>
        <ofd:TextObject ID="3240" CTM="1 0 0 1 31.7 141.40000000000003"><ofd:TextCode>
=== 第 62 页 ===
</ofd:TextCode></ofd:TextObject>
        </ofd:Layer>
    </ofd:Content>
</ofd:Page>
