﻿<?xml version="1.0" encoding="UTF-8"?>
<ofd:Page xmlns:ofd="http://www.ofdspec.org/2016">
    <ofd:Area>
        <ofd:PhysicalBox>0 0 210 297</ofd:PhysicalBox>
    </ofd:Area>
    <ofd:Content>
        <ofd:Layer ID="Layer1">
        <ofd:TextObject ID="3181" CTM="1 0 0 1 31.7 25.4"><ofd:TextCode>线 段</ofd:TextCode></ofd:TextObject>
        <ofd:TextObject ID="3182" CTM="1 0 0 1 31.7 31.599999999999998"><ofd:TextCode>9.3.3</ofd:TextCode></ofd:TextObject>
        <ofd:TextObject ID="3183" CTM="1 0 0 1 31.7 37.8"><ofd:TextCode>线 段 结 构 如 图 所 示。</ofd:TextCode></ofd:TextObject>
        <ofd:TextObject ID="3184" CTM="1 0 0 1 31.7 44"><ofd:TextCode>51</ofd:TextCode></ofd:TextObject>
        <ofd:TextObject ID="3185" CTM="1 0 0 1 31.7 50.2"><ofd:TextCode>图 线 段 结 构</ofd:TextCode></ofd:TextObject>
        <ofd:TextObject ID="3186" CTM="1 0 0 1 31.7 56.400000000000006"><ofd:TextCode>51</ofd:TextCode></ofd:TextObject>
        <ofd:TextObject ID="3187" CTM="1 0 0 1 31.7 62.60000000000001"><ofd:TextCode>线 段 属 性 说 明 见 表 。</ofd:TextCode></ofd:TextObject>
        <ofd:TextObject ID="3188" CTM="1 0 0 1 31.7 68.80000000000001"><ofd:TextCode>39</ofd:TextCode></ofd:TextObject>
        <ofd:TextObject ID="3189" CTM="1 0 0 1 31.7 75.00000000000001"><ofd:TextCode>表 线 段 属 性</ofd:TextCode></ofd:TextObject>
        <ofd:TextObject ID="3190" CTM="1 0 0 1 31.7 81.20000000000002"><ofd:TextCode>39</ofd:TextCode></ofd:TextObject>
        <ofd:TextObject ID="3191" CTM="1 0 0 1 31.7 87.40000000000002"><ofd:TextCode>属 性 名 称 类 型 说 明 备 注</ofd:TextCode></ofd:TextObject>
        <ofd:TextObject ID="3192" CTM="1 0 0 1 31.7 93.60000000000002"><ofd:TextCode>_ 线 段 的 结 束 点 必 选</ofd:TextCode></ofd:TextObject>
        <ofd:TextObject ID="3193" CTM="1 0 0 1 31.7 99.80000000000003"><ofd:TextCode>Point1 STPos</ofd:TextCode></ofd:TextObject>
        <ofd:TextObject ID="3194" CTM="1 0 0 1 31.7 106.00000000000003"><ofd:TextCode>55</ofd:TextCode></ofd:TextObject>
        <ofd:TextObject ID="3195" CTM="1 0 0 1 31.7 112.20000000000003"><ofd:TextCode>
</ofd:TextCode></ofd:TextObject>
        <ofd:TextObject ID="3196" CTM="1 0 0 1 31.7 116.60000000000004"><ofd:TextCode>
=== 第 61 页 ===
</ofd:TextCode></ofd:TextObject>
        <ofd:TextObject ID="3197" CTM="1 0 0 1 31.7 122.60000000000004"><ofd:TextCode>/ —</ofd:TextCode></ofd:TextObject>
        <ofd:TextObject ID="3198" CTM="1 0 0 1 31.7 128.80000000000004"><ofd:TextCode>GB T 33190 2016</ofd:TextCode></ofd:TextObject>
        <ofd:TextObject ID="3199" CTM="1 0 0 1 31.7 135.00000000000003"><ofd:TextCode>贝 塞 尔 曲 线</ofd:TextCode></ofd:TextObject>
        <ofd:TextObject ID="3200" CTM="1 0 0 1 31.7 141.20000000000002"><ofd:TextCode>9.3.4</ofd:TextCode></ofd:TextObject>
        </ofd:Layer>
    </ofd:Content>
</ofd:Page>
