﻿<?xml version="1.0" encoding="UTF-8"?>
<ofd:Page xmlns:ofd="http://www.ofdspec.org/2016">
    <ofd:Area>
        <ofd:PhysicalBox>0 0 210 297</ofd:PhysicalBox>
    </ofd:Area>
    <ofd:Content>
        <ofd:Layer ID="Layer1">
        <ofd:TextObject ID="6481" CTM="1 0 0 1 31.7 25.4"><ofd:TextCode>xs choice</ofd:TextCode></ofd:TextObject>
        <ofd:TextObject ID="6482" CTM="1 0 0 1 31.7 31.599999999999998"><ofd:TextCode>&lt; : _ /&gt;</ofd:TextCode></ofd:TextObject>
        <ofd:TextObject ID="6483" CTM="1 0 0 1 31.7 37.8"><ofd:TextCode>xs attributename=&quot;Start&quot;type=&quot;ST Pos&quot;use=&quot;required&quot;</ofd:TextCode></ofd:TextObject>
        <ofd:TextObject ID="6484" CTM="1 0 0 1 31.7 44"><ofd:TextCode>&lt;/ : &gt;</ofd:TextCode></ofd:TextObject>
        <ofd:TextObject ID="6485" CTM="1 0 0 1 31.7 50.2"><ofd:TextCode>xs complexType</ofd:TextCode></ofd:TextObject>
        <ofd:TextObject ID="6486" CTM="1 0 0 1 31.7 56.400000000000006"><ofd:TextCode>&lt;/ : &gt;</ofd:TextCode></ofd:TextObject>
        <ofd:TextObject ID="6487" CTM="1 0 0 1 31.7 62.60000000000001"><ofd:TextCode>xs element</ofd:TextCode></ofd:TextObject>
        <ofd:TextObject ID="6488" CTM="1 0 0 1 31.7 68.80000000000001"><ofd:TextCode>&lt;/ : &gt;</ofd:TextCode></ofd:TextObject>
        <ofd:TextObject ID="6489" CTM="1 0 0 1 31.7 75.00000000000001"><ofd:TextCode>xs sequence</ofd:TextCode></ofd:TextObject>
        <ofd:TextObject ID="6490" CTM="1 0 0 1 31.7 81.20000000000002"><ofd:TextCode>&lt;/ : &gt;</ofd:TextCode></ofd:TextObject>
        <ofd:TextObject ID="6491" CTM="1 0 0 1 31.7 87.40000000000002"><ofd:TextCode>xs complexType</ofd:TextCode></ofd:TextObject>
        <ofd:TextObject ID="6492" CTM="1 0 0 1 31.7 93.60000000000002"><ofd:TextCode>&lt;/ : &gt;</ofd:TextCode></ofd:TextObject>
        <ofd:TextObject ID="6493" CTM="1 0 0 1 31.7 99.80000000000003"><ofd:TextCode>xs schema</ofd:TextCode></ofd:TextObject>
        <ofd:TextObject ID="6494" CTM="1 0 0 1 31.7 106.00000000000003"><ofd:TextCode>A.7 Sinatures.xsd</ofd:TextCode></ofd:TextObject>
        <ofd:TextObject ID="6495" CTM="1 0 0 1 31.7 112.20000000000003"><ofd:TextCode>g</ofd:TextCode></ofd:TextObject>
        <ofd:TextObject ID="6496" CTM="1 0 0 1 31.7 118.40000000000003"><ofd:TextCode>&lt;? ?&gt;</ofd:TextCode></ofd:TextObject>
        <ofd:TextObject ID="6497" CTM="1 0 0 1 31.7 124.60000000000004"><ofd:TextCode>xmlversion=&quot;1.0&quot;encodin =&quot;UTF-8&quot;</ofd:TextCode></ofd:TextObject>
        <ofd:TextObject ID="6498" CTM="1 0 0 1 31.7 130.80000000000004"><ofd:TextCode>g</ofd:TextCode></ofd:TextObject>
        <ofd:TextObject ID="6499" CTM="1 0 0 1 31.7 137.00000000000003"><ofd:TextCode>&lt; : :// /</ofd:TextCode></ofd:TextObject>
        <ofd:TextObject ID="6500" CTM="1 0 0 1 31.7 143.20000000000002"><ofd:TextCode>xs schemaxmlns=&quot;http www.ofdspec.org 2016&quot;</ofd:TextCode></ofd:TextObject>
        </ofd:Layer>
    </ofd:Content>
</ofd:Page>
