﻿<?xml version="1.0" encoding="UTF-8"?>
<ofd:Page xmlns:ofd="http://www.ofdspec.org/2016">
    <ofd:Area>
        <ofd:PhysicalBox>0 0 210 297</ofd:PhysicalBox>
    </ofd:Area>
    <ofd:Content>
        <ofd:Layer ID="Layer1">
        <ofd:TextObject ID="3261" CTM="1 0 0 1 31.7 25.4"><ofd:TextCode>9.3.5</ofd:TextCode></ofd:TextObject>
        <ofd:TextObject ID="3262" CTM="1 0 0 1 31.7 31.599999999999998"><ofd:TextCode>。</ofd:TextCode></ofd:TextObject>
        <ofd:TextObject ID="3263" CTM="1 0 0 1 31.7 37.8"><ofd:TextCode>圆 弧 结 构 如 图 所 示</ofd:TextCode></ofd:TextObject>
        <ofd:TextObject ID="3264" CTM="1 0 0 1 31.7 44"><ofd:TextCode>56</ofd:TextCode></ofd:TextObject>
        <ofd:TextObject ID="3265" CTM="1 0 0 1 31.7 50.2"><ofd:TextCode>57</ofd:TextCode></ofd:TextObject>
        <ofd:TextObject ID="3266" CTM="1 0 0 1 31.7 56.400000000000006"><ofd:TextCode>
</ofd:TextCode></ofd:TextObject>
        <ofd:TextObject ID="3267" CTM="1 0 0 1 31.7 60.800000000000004"><ofd:TextCode>
=== 第 63 页 ===
</ofd:TextCode></ofd:TextObject>
        <ofd:TextObject ID="3268" CTM="1 0 0 1 31.7 66.80000000000001"><ofd:TextCode>/ —</ofd:TextCode></ofd:TextObject>
        <ofd:TextObject ID="3269" CTM="1 0 0 1 31.7 73.00000000000001"><ofd:TextCode>GB T 33190 2016</ofd:TextCode></ofd:TextObject>
        <ofd:TextObject ID="3270" CTM="1 0 0 1 31.7 79.20000000000002"><ofd:TextCode>图 圆 弧 结 构</ofd:TextCode></ofd:TextObject>
        <ofd:TextObject ID="3271" CTM="1 0 0 1 31.7 85.40000000000002"><ofd:TextCode>56</ofd:TextCode></ofd:TextObject>
        <ofd:TextObject ID="3272" CTM="1 0 0 1 31.7 91.60000000000002"><ofd:TextCode>圆 弧 属 性 说 明 见 表 。</ofd:TextCode></ofd:TextObject>
        <ofd:TextObject ID="3273" CTM="1 0 0 1 31.7 97.80000000000003"><ofd:TextCode>42</ofd:TextCode></ofd:TextObject>
        <ofd:TextObject ID="3274" CTM="1 0 0 1 31.7 104.00000000000003"><ofd:TextCode>表 圆 弧 属 性</ofd:TextCode></ofd:TextObject>
        <ofd:TextObject ID="3275" CTM="1 0 0 1 31.7 110.20000000000003"><ofd:TextCode>42</ofd:TextCode></ofd:TextObject>
        <ofd:TextObject ID="3276" CTM="1 0 0 1 31.7 116.40000000000003"><ofd:TextCode>名 称 类 型 说 明 备 注</ofd:TextCode></ofd:TextObject>
        <ofd:TextObject ID="3277" CTM="1 0 0 1 31.7 122.60000000000004"><ofd:TextCode>,</ofd:TextCode></ofd:TextObject>
        <ofd:TextObject ID="3278" CTM="1 0 0 1 31.7 128.80000000000004"><ofd:TextCode>圆 弧 的 结 束 点 下 个 路 径 的 起 始 点</ofd:TextCode></ofd:TextObject>
        <ofd:TextObject ID="3279" CTM="1 0 0 1 31.7 135.00000000000003"><ofd:TextCode>_</ofd:TextCode></ofd:TextObject>
        <ofd:TextObject ID="3280" CTM="1 0 0 1 31.7 141.20000000000002"><ofd:TextCode>必 选</ofd:TextCode></ofd:TextObject>
        </ofd:Layer>
    </ofd:Content>
</ofd:Page>
