﻿<?xml version="1.0" encoding="UTF-8"?>
<ofd:Page xmlns:ofd="http://www.ofdspec.org/2016">
    <ofd:Area>
        <ofd:PhysicalBox>0 0 210 297</ofd:PhysicalBox>
    </ofd:Area>
    <ofd:Content>
        <ofd:Layer ID="Layer1">
        <ofd:TextObject ID="7861" CTM="1 0 0 1 31.7 25.4"><ofd:TextCode>xs attributename=&quot;Thumbnail&quot;t e=&quot;ST RefID&quot;</ofd:TextCode></ofd:TextObject>
        <ofd:TextObject ID="7862" CTM="1 0 0 1 31.7 31.599999999999998"><ofd:TextCode>yp</ofd:TextCode></ofd:TextObject>
        <ofd:TextObject ID="7863" CTM="1 0 0 1 31.7 37.8"><ofd:TextCode>&lt;/ : &gt;</ofd:TextCode></ofd:TextObject>
        <ofd:TextObject ID="7864" CTM="1 0 0 1 31.7 44"><ofd:TextCode>xs extension</ofd:TextCode></ofd:TextObject>
        <ofd:TextObject ID="7865" CTM="1 0 0 1 31.7 50.2"><ofd:TextCode>122</ofd:TextCode></ofd:TextObject>
        <ofd:TextObject ID="7866" CTM="1 0 0 1 31.7 56.400000000000006"><ofd:TextCode>
</ofd:TextCode></ofd:TextObject>
        <ofd:TextObject ID="7867" CTM="1 0 0 1 31.7 60.800000000000004"><ofd:TextCode>
=== 第 128 页 ===
</ofd:TextCode></ofd:TextObject>
        <ofd:TextObject ID="7868" CTM="1 0 0 1 31.7 66.80000000000001"><ofd:TextCode>/ —</ofd:TextCode></ofd:TextObject>
        <ofd:TextObject ID="7869" CTM="1 0 0 1 31.7 73.00000000000001"><ofd:TextCode>GB T 33190 2016</ofd:TextCode></ofd:TextObject>
        <ofd:TextObject ID="7870" CTM="1 0 0 1 31.7 79.20000000000002"><ofd:TextCode>&lt;/ : &gt;</ofd:TextCode></ofd:TextObject>
        <ofd:TextObject ID="7871" CTM="1 0 0 1 31.7 85.40000000000002"><ofd:TextCode>xs complexContent</ofd:TextCode></ofd:TextObject>
        <ofd:TextObject ID="7872" CTM="1 0 0 1 31.7 91.60000000000002"><ofd:TextCode>&lt;/ : &gt;</ofd:TextCode></ofd:TextObject>
        <ofd:TextObject ID="7873" CTM="1 0 0 1 31.7 97.80000000000003"><ofd:TextCode>xs com lexT e</ofd:TextCode></ofd:TextObject>
        <ofd:TextObject ID="7874" CTM="1 0 0 1 31.7 104.00000000000003"><ofd:TextCode>p yp</ofd:TextCode></ofd:TextObject>
        <ofd:TextObject ID="7875" CTM="1 0 0 1 31.7 110.20000000000003"><ofd:TextCode>&lt;/ : &gt;</ofd:TextCode></ofd:TextObject>
        <ofd:TextObject ID="7876" CTM="1 0 0 1 31.7 116.40000000000003"><ofd:TextCode>xs element</ofd:TextCode></ofd:TextObject>
        <ofd:TextObject ID="7877" CTM="1 0 0 1 31.7 122.60000000000004"><ofd:TextCode>&lt;/ : &gt;</ofd:TextCode></ofd:TextObject>
        <ofd:TextObject ID="7878" CTM="1 0 0 1 31.7 128.80000000000004"><ofd:TextCode>xs sequence</ofd:TextCode></ofd:TextObject>
        <ofd:TextObject ID="7879" CTM="1 0 0 1 31.7 135.00000000000003"><ofd:TextCode>&lt; : : /&gt;</ofd:TextCode></ofd:TextObject>
        <ofd:TextObject ID="7880" CTM="1 0 0 1 31.7 141.20000000000002"><ofd:TextCode>xs attributename=&quot;Width&quot;type=&quot;xs double&quot;use=&quot;required&quot;</ofd:TextCode></ofd:TextObject>
        </ofd:Layer>
    </ofd:Content>
</ofd:Page>
