﻿<?xml version="1.0" encoding="UTF-8"?>
<ofd:Page xmlns:ofd="http://www.ofdspec.org/2016">
    <ofd:Area>
        <ofd:PhysicalBox>0 0 210 297</ofd:PhysicalBox>
    </ofd:Area>
    <ofd:Content>
        <ofd:Layer ID="Layer1">
        <ofd:TextObject ID="7961" CTM="1 0 0 1 31.7 25.4"><ofd:TextCode>&lt;/ : &gt;</ofd:TextCode></ofd:TextObject>
        <ofd:TextObject ID="7962" CTM="1 0 0 1 31.7 31.599999999999998"><ofd:TextCode>xs sequence</ofd:TextCode></ofd:TextObject>
        <ofd:TextObject ID="7963" CTM="1 0 0 1 31.7 37.8"><ofd:TextCode>&lt; : &gt;</ofd:TextCode></ofd:TextObject>
        <ofd:TextObject ID="7964" CTM="1 0 0 1 31.7 44"><ofd:TextCode>xs attributename=&quot;MapType&quot;default=&quot;Direct&quot;</ofd:TextCode></ofd:TextObject>
        <ofd:TextObject ID="7965" CTM="1 0 0 1 31.7 50.2"><ofd:TextCode>&lt; : &gt;</ofd:TextCode></ofd:TextObject>
        <ofd:TextObject ID="7966" CTM="1 0 0 1 31.7 56.400000000000006"><ofd:TextCode>xs sim leT e</ofd:TextCode></ofd:TextObject>
        <ofd:TextObject ID="7967" CTM="1 0 0 1 31.7 62.60000000000001"><ofd:TextCode>p yp</ofd:TextCode></ofd:TextObject>
        <ofd:TextObject ID="7968" CTM="1 0 0 1 31.7 68.80000000000001"><ofd:TextCode>&lt; : : &gt;</ofd:TextCode></ofd:TextObject>
        <ofd:TextObject ID="7969" CTM="1 0 0 1 31.7 75.00000000000001"><ofd:TextCode>xs restrictionbase=&quot;xs string&quot;</ofd:TextCode></ofd:TextObject>
        <ofd:TextObject ID="7970" CTM="1 0 0 1 31.7 81.20000000000002"><ofd:TextCode>123</ofd:TextCode></ofd:TextObject>
        <ofd:TextObject ID="7971" CTM="1 0 0 1 31.7 87.40000000000002"><ofd:TextCode>
</ofd:TextCode></ofd:TextObject>
        <ofd:TextObject ID="7972" CTM="1 0 0 1 31.7 91.80000000000003"><ofd:TextCode>
=== 第 129 页 ===
</ofd:TextCode></ofd:TextObject>
        <ofd:TextObject ID="7973" CTM="1 0 0 1 31.7 97.80000000000003"><ofd:TextCode>/ —</ofd:TextCode></ofd:TextObject>
        <ofd:TextObject ID="7974" CTM="1 0 0 1 31.7 104.00000000000003"><ofd:TextCode>GB T 33190 2016</ofd:TextCode></ofd:TextObject>
        <ofd:TextObject ID="7975" CTM="1 0 0 1 31.7 110.20000000000003"><ofd:TextCode>&lt; : /&gt;</ofd:TextCode></ofd:TextObject>
        <ofd:TextObject ID="7976" CTM="1 0 0 1 31.7 116.40000000000003"><ofd:TextCode>xs enumerationvalue=&quot;Direct&quot;</ofd:TextCode></ofd:TextObject>
        <ofd:TextObject ID="7977" CTM="1 0 0 1 31.7 122.60000000000004"><ofd:TextCode>&lt; : /&gt;</ofd:TextCode></ofd:TextObject>
        <ofd:TextObject ID="7978" CTM="1 0 0 1 31.7 128.80000000000004"><ofd:TextCode>xs enumerationvalue=&quot;Re eat&quot;</ofd:TextCode></ofd:TextObject>
        <ofd:TextObject ID="7979" CTM="1 0 0 1 31.7 135.00000000000003"><ofd:TextCode>p</ofd:TextCode></ofd:TextObject>
        <ofd:TextObject ID="7980" CTM="1 0 0 1 31.7 141.20000000000002"><ofd:TextCode>&lt; : /&gt;</ofd:TextCode></ofd:TextObject>
        </ofd:Layer>
    </ofd:Content>
</ofd:Page>
