﻿<?xml version="1.0" encoding="UTF-8"?>
<ofd:Page xmlns:ofd="http://www.ofdspec.org/2016">
    <ofd:Area>
        <ofd:PhysicalBox>0 0 210 297</ofd:PhysicalBox>
    </ofd:Area>
    <ofd:Content>
        <ofd:Layer ID="Layer1">
        <ofd:TextObject ID="2261" CTM="1 0 0 1 31.7 25.4"><ofd:TextCode>MaT e Direct</ofd:TextCode></ofd:TextObject>
        <ofd:TextObject ID="2262" CTM="1 0 0 1 31.7 31.599999999999998"><ofd:TextCode>pyp</ofd:TextCode></ofd:TextObject>
        <ofd:TextObject ID="2263" CTM="1 0 0 1 31.7 37.8"><ofd:TextCode>图 渐 变 效 果</ofd:TextCode></ofd:TextObject>
        <ofd:TextObject ID="2264" CTM="1 0 0 1 31.7 44"><ofd:TextCode>31 Direct</ofd:TextCode></ofd:TextObject>
        <ofd:TextObject ID="2265" CTM="1 0 0 1 31.7 50.2"><ofd:TextCode>值 为 :</ofd:TextCode></ofd:TextObject>
        <ofd:TextObject ID="2266" CTM="1 0 0 1 31.7 56.400000000000006"><ofd:TextCode>MapType Repeat</ofd:TextCode></ofd:TextObject>
        <ofd:TextObject ID="2267" CTM="1 0 0 1 31.7 62.60000000000001"><ofd:TextCode>图 渐 变 效 果</ofd:TextCode></ofd:TextObject>
        <ofd:TextObject ID="2268" CTM="1 0 0 1 31.7 68.80000000000001"><ofd:TextCode>32 Repeat</ofd:TextCode></ofd:TextObject>
        <ofd:TextObject ID="2269" CTM="1 0 0 1 31.7 75.00000000000001"><ofd:TextCode>38</ofd:TextCode></ofd:TextObject>
        <ofd:TextObject ID="2270" CTM="1 0 0 1 31.7 81.20000000000002"><ofd:TextCode>
</ofd:TextCode></ofd:TextObject>
        <ofd:TextObject ID="2271" CTM="1 0 0 1 31.7 85.60000000000002"><ofd:TextCode>
=== 第 44 页 ===
</ofd:TextCode></ofd:TextObject>
        <ofd:TextObject ID="2272" CTM="1 0 0 1 31.7 91.60000000000002"><ofd:TextCode>/ —</ofd:TextCode></ofd:TextObject>
        <ofd:TextObject ID="2273" CTM="1 0 0 1 31.7 97.80000000000003"><ofd:TextCode>GB T 33190 2016</ofd:TextCode></ofd:TextObject>
        <ofd:TextObject ID="2274" CTM="1 0 0 1 31.7 104.00000000000003"><ofd:TextCode>:</ofd:TextCode></ofd:TextObject>
        <ofd:TextObject ID="2275" CTM="1 0 0 1 31.7 110.20000000000003"><ofd:TextCode>值 为</ofd:TextCode></ofd:TextObject>
        <ofd:TextObject ID="2276" CTM="1 0 0 1 31.7 116.40000000000003"><ofd:TextCode>MapType Reflect</ofd:TextCode></ofd:TextObject>
        <ofd:TextObject ID="2277" CTM="1 0 0 1 31.7 122.60000000000004"><ofd:TextCode>图 渐 变 效 果</ofd:TextCode></ofd:TextObject>
        <ofd:TextObject ID="2278" CTM="1 0 0 1 31.7 128.80000000000004"><ofd:TextCode>33 Reflect</ofd:TextCode></ofd:TextObject>
        <ofd:TextObject ID="2279" CTM="1 0 0 1 31.7 135.00000000000003"><ofd:TextCode>径 向 渐 变</ofd:TextCode></ofd:TextObject>
        <ofd:TextObject ID="2280" CTM="1 0 0 1 31.7 141.20000000000002"><ofd:TextCode>8.3.4.3</ofd:TextCode></ofd:TextObject>
        </ofd:Layer>
    </ofd:Content>
</ofd:Page>
