﻿<?xml version="1.0" encoding="UTF-8"?>
<ofd:Page xmlns:ofd="http://www.ofdspec.org/2016">
    <ofd:Area>
        <ofd:PhysicalBox>0 0 210 297</ofd:PhysicalBox>
    </ofd:Area>
    <ofd:Content>
        <ofd:Layer ID="Layer1">
        <ofd:TextObject ID="7821" CTM="1 0 0 1 31.7 25.4"><ofd:TextCode>&lt; : : /&gt;</ofd:TextCode></ofd:TextObject>
        <ofd:TextObject ID="7822" CTM="1 0 0 1 31.7 31.599999999999998"><ofd:TextCode>xs attributename=&quot;Fill&quot;type=&quot;xs boolean&quot;default=&quot;false&quot;</ofd:TextCode></ofd:TextObject>
        <ofd:TextObject ID="7823" CTM="1 0 0 1 31.7 37.8"><ofd:TextCode>&lt; : &gt;</ofd:TextCode></ofd:TextObject>
        <ofd:TextObject ID="7824" CTM="1 0 0 1 31.7 44"><ofd:TextCode>xs attributename=&quot;Rule&quot;default=&quot;NonZero&quot;</ofd:TextCode></ofd:TextObject>
        <ofd:TextObject ID="7825" CTM="1 0 0 1 31.7 50.2"><ofd:TextCode>&lt; : &gt;</ofd:TextCode></ofd:TextObject>
        <ofd:TextObject ID="7826" CTM="1 0 0 1 31.7 56.400000000000006"><ofd:TextCode>xs simpleType</ofd:TextCode></ofd:TextObject>
        <ofd:TextObject ID="7827" CTM="1 0 0 1 31.7 62.60000000000001"><ofd:TextCode>&lt; : : &gt;</ofd:TextCode></ofd:TextObject>
        <ofd:TextObject ID="7828" CTM="1 0 0 1 31.7 68.80000000000001"><ofd:TextCode>xs restrictionbase=&quot;xs string&quot;</ofd:TextCode></ofd:TextObject>
        <ofd:TextObject ID="7829" CTM="1 0 0 1 31.7 75.00000000000001"><ofd:TextCode>&lt; : /&gt;</ofd:TextCode></ofd:TextObject>
        <ofd:TextObject ID="7830" CTM="1 0 0 1 31.7 81.20000000000002"><ofd:TextCode>xs enumerationvalue=&quot;NonZero&quot;</ofd:TextCode></ofd:TextObject>
        <ofd:TextObject ID="7831" CTM="1 0 0 1 31.7 87.40000000000002"><ofd:TextCode>&lt; : /&gt;</ofd:TextCode></ofd:TextObject>
        <ofd:TextObject ID="7832" CTM="1 0 0 1 31.7 93.60000000000002"><ofd:TextCode>xs enumerationvalue=&quot;Even-Odd&quot;</ofd:TextCode></ofd:TextObject>
        <ofd:TextObject ID="7833" CTM="1 0 0 1 31.7 99.80000000000003"><ofd:TextCode>&lt;/ : &gt;</ofd:TextCode></ofd:TextObject>
        <ofd:TextObject ID="7834" CTM="1 0 0 1 31.7 106.00000000000003"><ofd:TextCode>xs restriction</ofd:TextCode></ofd:TextObject>
        <ofd:TextObject ID="7835" CTM="1 0 0 1 31.7 112.20000000000003"><ofd:TextCode>&lt;/ : &gt;</ofd:TextCode></ofd:TextObject>
        <ofd:TextObject ID="7836" CTM="1 0 0 1 31.7 118.40000000000003"><ofd:TextCode>xs simpleType</ofd:TextCode></ofd:TextObject>
        <ofd:TextObject ID="7837" CTM="1 0 0 1 31.7 124.60000000000004"><ofd:TextCode>&lt;/ : &gt;</ofd:TextCode></ofd:TextObject>
        <ofd:TextObject ID="7838" CTM="1 0 0 1 31.7 130.80000000000004"><ofd:TextCode>xs attribute</ofd:TextCode></ofd:TextObject>
        <ofd:TextObject ID="7839" CTM="1 0 0 1 31.7 137.00000000000003"><ofd:TextCode>&lt;/ : &gt;</ofd:TextCode></ofd:TextObject>
        <ofd:TextObject ID="7840" CTM="1 0 0 1 31.7 143.20000000000002"><ofd:TextCode>xs extension</ofd:TextCode></ofd:TextObject>
        </ofd:Layer>
    </ofd:Content>
</ofd:Page>
