﻿<?xml version="1.0" encoding="UTF-8"?>
<ofd:Page xmlns:ofd="http://www.ofdspec.org/2016">
    <ofd:Area>
        <ofd:PhysicalBox>0 0 210 297</ofd:PhysicalBox>
    </ofd:Area>
    <ofd:Content>
        <ofd:Layer ID="Layer1">
        <ofd:TextObject ID="5321" CTM="1 0 0 1 31.7 25.4"><ofd:TextCode>q</ofd:TextCode></ofd:TextObject>
        <ofd:TextObject ID="5322" CTM="1 0 0 1 31.7 31.599999999999998"><ofd:TextCode>&lt; : &gt;</ofd:TextCode></ofd:TextObject>
        <ofd:TextObject ID="5323" CTM="1 0 0 1 31.7 37.8"><ofd:TextCode>xs elementname=&quot;Actions&quot;minOccurs=&quot;0&quot;</ofd:TextCode></ofd:TextObject>
        <ofd:TextObject ID="5324" CTM="1 0 0 1 31.7 44"><ofd:TextCode>&lt; : &gt;</ofd:TextCode></ofd:TextObject>
        <ofd:TextObject ID="5325" CTM="1 0 0 1 31.7 50.2"><ofd:TextCode>xs complexType</ofd:TextCode></ofd:TextObject>
        <ofd:TextObject ID="5326" CTM="1 0 0 1 31.7 56.400000000000006"><ofd:TextCode>&lt; : &gt;</ofd:TextCode></ofd:TextObject>
        <ofd:TextObject ID="5327" CTM="1 0 0 1 31.7 62.60000000000001"><ofd:TextCode>xs se uence</ofd:TextCode></ofd:TextObject>
        <ofd:TextObject ID="5328" CTM="1 0 0 1 31.7 68.80000000000001"><ofd:TextCode>q</ofd:TextCode></ofd:TextObject>
        <ofd:TextObject ID="5329" CTM="1 0 0 1 31.7 75.00000000000001"><ofd:TextCode>&lt; : _</ofd:TextCode></ofd:TextObject>
        <ofd:TextObject ID="5330" CTM="1 0 0 1 31.7 81.20000000000002"><ofd:TextCode>xs elementname=&quot;Action&quot;type=&quot;CT Action&quot;</ofd:TextCode></ofd:TextObject>
        <ofd:TextObject ID="5331" CTM="1 0 0 1 31.7 87.40000000000002"><ofd:TextCode>/&gt;</ofd:TextCode></ofd:TextObject>
        <ofd:TextObject ID="5332" CTM="1 0 0 1 31.7 93.60000000000002"><ofd:TextCode>maxOccurs=&quot;unbounded&quot;</ofd:TextCode></ofd:TextObject>
        <ofd:TextObject ID="5333" CTM="1 0 0 1 31.7 99.80000000000003"><ofd:TextCode>&lt;/ : &gt;</ofd:TextCode></ofd:TextObject>
        <ofd:TextObject ID="5334" CTM="1 0 0 1 31.7 106.00000000000003"><ofd:TextCode>xs se uence</ofd:TextCode></ofd:TextObject>
        <ofd:TextObject ID="5335" CTM="1 0 0 1 31.7 112.20000000000003"><ofd:TextCode>q</ofd:TextCode></ofd:TextObject>
        <ofd:TextObject ID="5336" CTM="1 0 0 1 31.7 118.40000000000003"><ofd:TextCode>&lt;/ : &gt;</ofd:TextCode></ofd:TextObject>
        <ofd:TextObject ID="5337" CTM="1 0 0 1 31.7 124.60000000000004"><ofd:TextCode>xs com lexT e</ofd:TextCode></ofd:TextObject>
        <ofd:TextObject ID="5338" CTM="1 0 0 1 31.7 130.80000000000004"><ofd:TextCode>p yp</ofd:TextCode></ofd:TextObject>
        <ofd:TextObject ID="5339" CTM="1 0 0 1 31.7 137.00000000000003"><ofd:TextCode>&lt;/ : &gt;</ofd:TextCode></ofd:TextObject>
        <ofd:TextObject ID="5340" CTM="1 0 0 1 31.7 143.20000000000002"><ofd:TextCode>xs element</ofd:TextCode></ofd:TextObject>
        </ofd:Layer>
    </ofd:Content>
</ofd:Page>
