﻿<?xml version="1.0" encoding="UTF-8"?>
<ofd:Page xmlns:ofd="http://www.ofdspec.org/2016">
    <ofd:Area>
        <ofd:PhysicalBox>0 0 210 297</ofd:PhysicalBox>
    </ofd:Area>
    <ofd:Content>
        <ofd:Layer ID="Layer1">
        <ofd:TextObject ID="6801" CTM="1 0 0 1 31.7 25.4"><ofd:TextCode>&lt; : &gt;</ofd:TextCode></ofd:TextObject>
        <ofd:TextObject ID="6802" CTM="1 0 0 1 31.7 31.599999999999998"><ofd:TextCode>xs elementname=&quot;CustomTags&quot;</ofd:TextCode></ofd:TextObject>
        <ofd:TextObject ID="6803" CTM="1 0 0 1 31.7 37.8"><ofd:TextCode>&lt; : &gt;</ofd:TextCode></ofd:TextObject>
        <ofd:TextObject ID="6804" CTM="1 0 0 1 31.7 44"><ofd:TextCode>xs complexType</ofd:TextCode></ofd:TextObject>
        <ofd:TextObject ID="6805" CTM="1 0 0 1 31.7 50.2"><ofd:TextCode>&lt; : &gt;</ofd:TextCode></ofd:TextObject>
        <ofd:TextObject ID="6806" CTM="1 0 0 1 31.7 56.400000000000006"><ofd:TextCode>xs se uence</ofd:TextCode></ofd:TextObject>
        <ofd:TextObject ID="6807" CTM="1 0 0 1 31.7 62.60000000000001"><ofd:TextCode>q</ofd:TextCode></ofd:TextObject>
        <ofd:TextObject ID="6808" CTM="1 0 0 1 31.7 68.80000000000001"><ofd:TextCode>&lt; :</ofd:TextCode></ofd:TextObject>
        <ofd:TextObject ID="6809" CTM="1 0 0 1 31.7 75.00000000000001"><ofd:TextCode>xs elementname=&quot;CustomTa &quot;minOccurs=&quot;0&quot;</ofd:TextCode></ofd:TextObject>
        <ofd:TextObject ID="6810" CTM="1 0 0 1 31.7 81.20000000000002"><ofd:TextCode>g</ofd:TextCode></ofd:TextObject>
        <ofd:TextObject ID="6811" CTM="1 0 0 1 31.7 87.40000000000002"><ofd:TextCode>&gt;</ofd:TextCode></ofd:TextObject>
        <ofd:TextObject ID="6812" CTM="1 0 0 1 31.7 93.60000000000002"><ofd:TextCode>maxOccurs=&quot;unbounded&quot;</ofd:TextCode></ofd:TextObject>
        <ofd:TextObject ID="6813" CTM="1 0 0 1 31.7 99.80000000000003"><ofd:TextCode>&lt; : &gt;</ofd:TextCode></ofd:TextObject>
        <ofd:TextObject ID="6814" CTM="1 0 0 1 31.7 106.00000000000003"><ofd:TextCode>xs complexType</ofd:TextCode></ofd:TextObject>
        <ofd:TextObject ID="6815" CTM="1 0 0 1 31.7 112.20000000000003"><ofd:TextCode>&lt; : &gt;</ofd:TextCode></ofd:TextObject>
        <ofd:TextObject ID="6816" CTM="1 0 0 1 31.7 118.40000000000003"><ofd:TextCode>xs se uence</ofd:TextCode></ofd:TextObject>
        <ofd:TextObject ID="6817" CTM="1 0 0 1 31.7 124.60000000000004"><ofd:TextCode>q</ofd:TextCode></ofd:TextObject>
        <ofd:TextObject ID="6818" CTM="1 0 0 1 31.7 130.80000000000004"><ofd:TextCode>&lt; : _</ofd:TextCode></ofd:TextObject>
        <ofd:TextObject ID="6819" CTM="1 0 0 1 31.7 137.00000000000003"><ofd:TextCode>xs elementname=&quot;SchemaLoc&quot;type=&quot;ST Loc&quot;</ofd:TextCode></ofd:TextObject>
        <ofd:TextObject ID="6820" CTM="1 0 0 1 31.7 143.20000000000002"><ofd:TextCode>/&gt;</ofd:TextCode></ofd:TextObject>
        </ofd:Layer>
    </ofd:Content>
</ofd:Page>
