﻿<?xml version="1.0" encoding="UTF-8"?>
<ofd:Page xmlns:ofd="http://www.ofdspec.org/2016">
    <ofd:Area>
        <ofd:PhysicalBox>0 0 210 297</ofd:PhysicalBox>
    </ofd:Area>
    <ofd:Content>
        <ofd:Layer ID="Layer1">
        <ofd:TextObject ID="2661" CTM="1 0 0 1 31.7 25.4"><ofd:TextCode>ofdColorValue=&quot;00255&quot;</ofd:TextCode></ofd:TextObject>
        <ofd:TextObject ID="2662" CTM="1 0 0 1 31.7 31.599999999999998"><ofd:TextCode>&lt;/ : &gt;</ofd:TextCode></ofd:TextObject>
        <ofd:TextObject ID="2663" CTM="1 0 0 1 31.7 37.8"><ofd:TextCode>ofdSement</ofd:TextCode></ofd:TextObject>
        <ofd:TextObject ID="2664" CTM="1 0 0 1 31.7 44"><ofd:TextCode>g</ofd:TextCode></ofd:TextObject>
        <ofd:TextObject ID="2665" CTM="1 0 0 1 31.7 50.2"><ofd:TextCode>&lt;/ : &gt;</ofd:TextCode></ofd:TextObject>
        <ofd:TextObject ID="2666" CTM="1 0 0 1 31.7 56.400000000000006"><ofd:TextCode>ofdRadialShd</ofd:TextCode></ofd:TextObject>
        <ofd:TextObject ID="2667" CTM="1 0 0 1 31.7 62.60000000000001"><ofd:TextCode>&lt;/ : &gt;</ofd:TextCode></ofd:TextObject>
        <ofd:TextObject ID="2668" CTM="1 0 0 1 31.7 68.80000000000001"><ofd:TextCode>ofdFillColor</ofd:TextCode></ofd:TextObject>
        <ofd:TextObject ID="2669" CTM="1 0 0 1 31.7 75.00000000000001"><ofd:TextCode>&lt; : &gt; &lt;/ : &gt;</ofd:TextCode></ofd:TextObject>
        <ofd:TextObject ID="2670" CTM="1 0 0 1 31.7 81.20000000000002"><ofd:TextCode>ofdAbbreviatedDataM00L2000L200150L0150C ofdAbbreviatedData</ofd:TextCode></ofd:TextObject>
        <ofd:TextObject ID="2671" CTM="1 0 0 1 31.7 87.40000000000002"><ofd:TextCode>&lt;/ : &gt;</ofd:TextCode></ofd:TextObject>
        <ofd:TextObject ID="2672" CTM="1 0 0 1 31.7 93.60000000000002"><ofd:TextCode>ofdPathObect</ofd:TextCode></ofd:TextObject>
        <ofd:TextObject ID="2673" CTM="1 0 0 1 31.7 99.80000000000003"><ofd:TextCode>j</ofd:TextCode></ofd:TextObject>
        <ofd:TextObject ID="2674" CTM="1 0 0 1 31.7 106.00000000000003"><ofd:TextCode>&lt; : &gt;</ofd:TextCode></ofd:TextObject>
        <ofd:TextObject ID="2675" CTM="1 0 0 1 31.7 112.20000000000003"><ofd:TextCode>ofdPathObectID=&quot;10012&quot;Boundar=&quot;650250200150&quot;Fill=&quot;true&quot;</ofd:TextCode></ofd:TextObject>
        <ofd:TextObject ID="2676" CTM="1 0 0 1 31.7 118.40000000000003"><ofd:TextCode>j y</ofd:TextCode></ofd:TextObject>
        <ofd:TextObject ID="2677" CTM="1 0 0 1 31.7 124.60000000000004"><ofd:TextCode>&lt; : &gt;</ofd:TextCode></ofd:TextObject>
        <ofd:TextObject ID="2678" CTM="1 0 0 1 31.7 130.80000000000004"><ofd:TextCode>ofdFillColor</ofd:TextCode></ofd:TextObject>
        <ofd:TextObject ID="2679" CTM="1 0 0 1 31.7 137.00000000000003"><ofd:TextCode>&lt; :</ofd:TextCode></ofd:TextObject>
        <ofd:TextObject ID="2680" CTM="1 0 0 1 31.7 143.20000000000002"><ofd:TextCode>ofdRadialShdStartPoint=&quot;4070&quot;StartRadius=&quot;10&quot;EndPoint=&quot;5090&quot;EndRadius=&quot;70&quot;MaT e</ofd:TextCode></ofd:TextObject>
        </ofd:Layer>
    </ofd:Content>
</ofd:Page>
