﻿<?xml version="1.0" encoding="UTF-8"?>
<ofd:Page xmlns:ofd="http://www.ofdspec.org/2016">
    <ofd:Area>
        <ofd:PhysicalBox>0 0 210 297</ofd:PhysicalBox>
    </ofd:Area>
    <ofd:Content>
        <ofd:Layer ID="Layer1">
        <ofd:TextObject ID="1861" CTM="1 0 0 1 31.7 25.4"><ofd:TextCode>Type xsstring GRAYRGBCMYK</ofd:TextCode></ofd:TextObject>
        <ofd:TextObject ID="1862" CTM="1 0 0 1 31.7 31.599999999999998"><ofd:TextCode>每 个 颜 色 通 道 所 使 用 的 位 数</ofd:TextCode></ofd:TextObject>
        <ofd:TextObject ID="1863" CTM="1 0 0 1 31.7 37.8"><ofd:TextCode>BitsPerCompo-</ofd:TextCode></ofd:TextObject>
        <ofd:TextObject ID="1864" CTM="1 0 0 1 31.7 44"><ofd:TextCode>: 有 效 取 值 为:,,,, 可 选</ofd:TextCode></ofd:TextObject>
        <ofd:TextObject ID="1865" CTM="1 0 0 1 31.7 50.2"><ofd:TextCode>xsint 124816</ofd:TextCode></ofd:TextObject>
        <ofd:TextObject ID="1866" CTM="1 0 0 1 31.7 56.400000000000006"><ofd:TextCode>nent</ofd:TextCode></ofd:TextObject>
        <ofd:TextObject ID="1867" CTM="1 0 0 1 31.7 62.60000000000001"><ofd:TextCode>默 认 值 为</ofd:TextCode></ofd:TextObject>
        <ofd:TextObject ID="1868" CTM="1 0 0 1 31.7 68.80000000000001"><ofd:TextCode>8</ofd:TextCode></ofd:TextObject>
        <ofd:TextObject ID="1869" CTM="1 0 0 1 31.7 75.00000000000001"><ofd:TextCode>_</ofd:TextCode></ofd:TextObject>
        <ofd:TextObject ID="1870" CTM="1 0 0 1 31.7 81.20000000000002"><ofd:TextCode>指 向 包 内 颜 色 配 置 文 件 可 选</ofd:TextCode></ofd:TextObject>
        <ofd:TextObject ID="1871" CTM="1 0 0 1 31.7 87.40000000000002"><ofd:TextCode>Profile STLoc</ofd:TextCode></ofd:TextObject>
        <ofd:TextObject ID="1872" CTM="1 0 0 1 31.7 93.60000000000002"><ofd:TextCode>调 色 板 可 选</ofd:TextCode></ofd:TextObject>
        <ofd:TextObject ID="1873" CTM="1 0 0 1 31.7 99.80000000000003"><ofd:TextCode>Palette</ofd:TextCode></ofd:TextObject>
        <ofd:TextObject ID="1874" CTM="1 0 0 1 31.7 106.00000000000003"><ofd:TextCode>调 色 板 中 预 定 义 颜 色</ofd:TextCode></ofd:TextObject>
        <ofd:TextObject ID="1875" CTM="1 0 0 1 31.7 112.20000000000003"><ofd:TextCode>_ 必 选</ofd:TextCode></ofd:TextObject>
        <ofd:TextObject ID="1876" CTM="1 0 0 1 31.7 118.40000000000003"><ofd:TextCode>CV STArra</ofd:TextCode></ofd:TextObject>
        <ofd:TextObject ID="1877" CTM="1 0 0 1 31.7 124.60000000000004"><ofd:TextCode>y</ofd:TextCode></ofd:TextObject>
        <ofd:TextObject ID="1878" CTM="1 0 0 1 31.7 130.80000000000004"><ofd:TextCode>调 色 板 中 颜 色 的 索 引 编 号 从 开 始</ofd:TextCode></ofd:TextObject>
        <ofd:TextObject ID="1879" CTM="1 0 0 1 31.7 137.00000000000003"><ofd:TextCode>0</ofd:TextCode></ofd:TextObject>
        <ofd:TextObject ID="1880" CTM="1 0 0 1 31.7 143.20000000000002"><ofd:TextCode>基 本 颜 色</ofd:TextCode></ofd:TextObject>
        </ofd:Layer>
    </ofd:Content>
</ofd:Page>
