﻿<?xml version="1.0" encoding="UTF-8"?>
<ofd:Page xmlns:ofd="http://www.ofdspec.org/2016">
    <ofd:Area>
        <ofd:PhysicalBox>0 0 210 297</ofd:PhysicalBox>
    </ofd:Area>
    <ofd:Content>
        <ofd:Layer ID="Layer1">
        <ofd:TextObject ID="1361" CTM="1 0 0 1 31.7 25.4"><ofd:TextCode>12</ofd:TextCode></ofd:TextObject>
        <ofd:TextObject ID="1362" CTM="1 0 0 1 31.7 31.599999999999998"><ofd:TextCode>_ 复 合 对 象,见 第 章 必 选</ofd:TextCode></ofd:TextObject>
        <ofd:TextObject ID="1363" CTM="1 0 0 1 31.7 37.8"><ofd:TextCode>CompositeObject CTComposite 13</ofd:TextCode></ofd:TextObject>
        <ofd:TextObject ID="1364" CTM="1 0 0 1 31.7 44"><ofd:TextCode>21</ofd:TextCode></ofd:TextObject>
        <ofd:TextObject ID="1365" CTM="1 0 0 1 31.7 50.2"><ofd:TextCode>
</ofd:TextCode></ofd:TextObject>
        <ofd:TextObject ID="1366" CTM="1 0 0 1 31.7 54.6"><ofd:TextCode>
=== 第 27 页 ===
</ofd:TextCode></ofd:TextObject>
        <ofd:TextObject ID="1367" CTM="1 0 0 1 31.7 60.6"><ofd:TextCode>/ —</ofd:TextCode></ofd:TextObject>
        <ofd:TextObject ID="1368" CTM="1 0 0 1 31.7 66.8"><ofd:TextCode>GB T 33190 2016</ofd:TextCode></ofd:TextObject>
        <ofd:TextObject ID="1369" CTM="1 0 0 1 31.7 73"><ofd:TextCode>大 纲</ofd:TextCode></ofd:TextObject>
        <ofd:TextObject ID="1370" CTM="1 0 0 1 31.7 79.2"><ofd:TextCode>7.8</ofd:TextCode></ofd:TextObject>
        <ofd:TextObject ID="1371" CTM="1 0 0 1 31.7 85.4"><ofd:TextCode>大 纲 按 照 树 状 结 构 进 行 组 织,大 纲 根 节 点 结 构 如 图 所 示。</ofd:TextCode></ofd:TextObject>
        <ofd:TextObject ID="1372" CTM="1 0 0 1 31.7 91.60000000000001"><ofd:TextCode>18</ofd:TextCode></ofd:TextObject>
        <ofd:TextObject ID="1373" CTM="1 0 0 1 31.7 97.80000000000001"><ofd:TextCode>图 大 纲 根 结 点 结 构</ofd:TextCode></ofd:TextObject>
        <ofd:TextObject ID="1374" CTM="1 0 0 1 31.7 104.00000000000001"><ofd:TextCode>18</ofd:TextCode></ofd:TextObject>
        <ofd:TextObject ID="1375" CTM="1 0 0 1 31.7 110.20000000000002"><ofd:TextCode>大 纲 节 点 结 构 如 图 所 示。</ofd:TextCode></ofd:TextObject>
        <ofd:TextObject ID="1376" CTM="1 0 0 1 31.7 116.40000000000002"><ofd:TextCode>19</ofd:TextCode></ofd:TextObject>
        <ofd:TextObject ID="1377" CTM="1 0 0 1 31.7 122.60000000000002"><ofd:TextCode>图 大 纲 节 点 结 构</ofd:TextCode></ofd:TextObject>
        <ofd:TextObject ID="1378" CTM="1 0 0 1 31.7 128.8"><ofd:TextCode>19</ofd:TextCode></ofd:TextObject>
        <ofd:TextObject ID="1379" CTM="1 0 0 1 31.7 135"><ofd:TextCode>大 纲 节 点 属 性 说 明 见 表 。</ofd:TextCode></ofd:TextObject>
        <ofd:TextObject ID="1380" CTM="1 0 0 1 31.7 141.2"><ofd:TextCode>17</ofd:TextCode></ofd:TextObject>
        </ofd:Layer>
    </ofd:Content>
</ofd:Page>
