﻿<?xml version="1.0" encoding="UTF-8"?>
<ofd:Page xmlns:ofd="http://www.ofdspec.org/2016">
    <ofd:Area>
        <ofd:PhysicalBox>0 0 210 297</ofd:PhysicalBox>
    </ofd:Area>
    <ofd:Content>
        <ofd:Layer ID="Layer1">
        <ofd:TextObject ID="8061" CTM="1 0 0 1 31.7 25.4"><ofd:TextCode>&lt;/ : &gt;</ofd:TextCode></ofd:TextObject>
        <ofd:TextObject ID="8062" CTM="1 0 0 1 31.7 31.599999999999998"><ofd:TextCode>xs attribute</ofd:TextCode></ofd:TextObject>
        <ofd:TextObject ID="8063" CTM="1 0 0 1 31.7 37.8"><ofd:TextCode>&lt; : : /&gt;</ofd:TextCode></ofd:TextObject>
        <ofd:TextObject ID="8064" CTM="1 0 0 1 31.7 44"><ofd:TextCode>xs attributename=&quot;MapUnit&quot;type=&quot;xs double&quot;</ofd:TextCode></ofd:TextObject>
        <ofd:TextObject ID="8065" CTM="1 0 0 1 31.7 50.2"><ofd:TextCode>&lt; : : /&gt;</ofd:TextCode></ofd:TextObject>
        <ofd:TextObject ID="8066" CTM="1 0 0 1 31.7 56.400000000000006"><ofd:TextCode>xs attributename=&quot;Eccentricit &quot;t e=&quot;xs double&quot;default=&quot;0&quot;</ofd:TextCode></ofd:TextObject>
        <ofd:TextObject ID="8067" CTM="1 0 0 1 31.7 62.60000000000001"><ofd:TextCode>y yp</ofd:TextCode></ofd:TextObject>
        <ofd:TextObject ID="8068" CTM="1 0 0 1 31.7 68.80000000000001"><ofd:TextCode>&lt; : : /&gt;</ofd:TextCode></ofd:TextObject>
        <ofd:TextObject ID="8069" CTM="1 0 0 1 31.7 75.00000000000001"><ofd:TextCode>xs attributename=&quot;Angle&quot;type=&quot;xs double&quot;default=&quot;0&quot;</ofd:TextCode></ofd:TextObject>
        <ofd:TextObject ID="8070" CTM="1 0 0 1 31.7 81.20000000000002"><ofd:TextCode>124</ofd:TextCode></ofd:TextObject>
        <ofd:TextObject ID="8071" CTM="1 0 0 1 31.7 87.40000000000002"><ofd:TextCode>
</ofd:TextCode></ofd:TextObject>
        <ofd:TextObject ID="8072" CTM="1 0 0 1 31.7 91.80000000000003"><ofd:TextCode>
=== 第 130 页 ===
</ofd:TextCode></ofd:TextObject>
        <ofd:TextObject ID="8073" CTM="1 0 0 1 31.7 97.80000000000003"><ofd:TextCode>/ —</ofd:TextCode></ofd:TextObject>
        <ofd:TextObject ID="8074" CTM="1 0 0 1 31.7 104.00000000000003"><ofd:TextCode>GB T 33190 2016</ofd:TextCode></ofd:TextObject>
        <ofd:TextObject ID="8075" CTM="1 0 0 1 31.7 110.20000000000003"><ofd:TextCode>&lt; : _ /&gt;</ofd:TextCode></ofd:TextObject>
        <ofd:TextObject ID="8076" CTM="1 0 0 1 31.7 116.40000000000003"><ofd:TextCode>xs attributename=&quot;StartPoint&quot;type=&quot;ST Pos&quot;use=&quot;required&quot;</ofd:TextCode></ofd:TextObject>
        <ofd:TextObject ID="8077" CTM="1 0 0 1 31.7 122.60000000000004"><ofd:TextCode>&lt; : : /&gt;</ofd:TextCode></ofd:TextObject>
        <ofd:TextObject ID="8078" CTM="1 0 0 1 31.7 128.80000000000004"><ofd:TextCode>xs attributename=&quot;StartRadius&quot;t e=&quot;xs double&quot;default=&quot;0&quot;</ofd:TextCode></ofd:TextObject>
        <ofd:TextObject ID="8079" CTM="1 0 0 1 31.7 135.00000000000003"><ofd:TextCode>yp</ofd:TextCode></ofd:TextObject>
        <ofd:TextObject ID="8080" CTM="1 0 0 1 31.7 141.20000000000002"><ofd:TextCode>&lt; : _ /&gt;</ofd:TextCode></ofd:TextObject>
        </ofd:Layer>
    </ofd:Content>
</ofd:Page>
