﻿<?xml version="1.0" encoding="UTF-8"?>
<ofd:Page xmlns:ofd="http://www.ofdspec.org/2016">
    <ofd:Area>
        <ofd:PhysicalBox>0 0 210 297</ofd:PhysicalBox>
    </ofd:Area>
    <ofd:Content>
        <ofd:Layer ID="Layer1">
        <ofd:TextObject ID="7141" CTM="1 0 0 1 31.7 25.4"><ofd:TextCode>xs restriction</ofd:TextCode></ofd:TextObject>
        <ofd:TextObject ID="7142" CTM="1 0 0 1 31.7 31.599999999999998"><ofd:TextCode>&lt;/ : &gt;</ofd:TextCode></ofd:TextObject>
        <ofd:TextObject ID="7143" CTM="1 0 0 1 31.7 37.8"><ofd:TextCode>xs sim leT e</ofd:TextCode></ofd:TextObject>
        <ofd:TextObject ID="7144" CTM="1 0 0 1 31.7 44"><ofd:TextCode>p yp</ofd:TextCode></ofd:TextObject>
        <ofd:TextObject ID="7145" CTM="1 0 0 1 31.7 50.2"><ofd:TextCode>&lt;/ : &gt;</ofd:TextCode></ofd:TextObject>
        <ofd:TextObject ID="7146" CTM="1 0 0 1 31.7 56.400000000000006"><ofd:TextCode>xs attribute</ofd:TextCode></ofd:TextObject>
        <ofd:TextObject ID="7147" CTM="1 0 0 1 31.7 62.60000000000001"><ofd:TextCode>115</ofd:TextCode></ofd:TextObject>
        <ofd:TextObject ID="7148" CTM="1 0 0 1 31.7 68.80000000000001"><ofd:TextCode>
</ofd:TextCode></ofd:TextObject>
        <ofd:TextObject ID="7149" CTM="1 0 0 1 31.7 73.20000000000002"><ofd:TextCode>
=== 第 121 页 ===
</ofd:TextCode></ofd:TextObject>
        <ofd:TextObject ID="7150" CTM="1 0 0 1 31.7 79.20000000000002"><ofd:TextCode>/ —</ofd:TextCode></ofd:TextObject>
        <ofd:TextObject ID="7151" CTM="1 0 0 1 31.7 85.40000000000002"><ofd:TextCode>GB T 33190 2016</ofd:TextCode></ofd:TextObject>
        <ofd:TextObject ID="7152" CTM="1 0 0 1 31.7 91.60000000000002"><ofd:TextCode>&lt;/ : &gt;</ofd:TextCode></ofd:TextObject>
        <ofd:TextObject ID="7153" CTM="1 0 0 1 31.7 97.80000000000003"><ofd:TextCode>xs complexType</ofd:TextCode></ofd:TextObject>
        <ofd:TextObject ID="7154" CTM="1 0 0 1 31.7 104.00000000000003"><ofd:TextCode>&lt;/ : &gt;</ofd:TextCode></ofd:TextObject>
        <ofd:TextObject ID="7155" CTM="1 0 0 1 31.7 110.20000000000003"><ofd:TextCode>xs element</ofd:TextCode></ofd:TextObject>
        <ofd:TextObject ID="7156" CTM="1 0 0 1 31.7 116.40000000000003"><ofd:TextCode>&lt; : _</ofd:TextCode></ofd:TextObject>
        <ofd:TextObject ID="7157" CTM="1 0 0 1 31.7 122.60000000000004"><ofd:TextCode>xs elementname=&quot;Pa eRes&quot;t e=&quot;ST Loc&quot;minOccurs=&quot;0&quot;</ofd:TextCode></ofd:TextObject>
        <ofd:TextObject ID="7158" CTM="1 0 0 1 31.7 128.80000000000004"><ofd:TextCode>g yp</ofd:TextCode></ofd:TextObject>
        <ofd:TextObject ID="7159" CTM="1 0 0 1 31.7 135.00000000000003"><ofd:TextCode>/&gt;</ofd:TextCode></ofd:TextObject>
        <ofd:TextObject ID="7160" CTM="1 0 0 1 31.7 141.20000000000002"><ofd:TextCode>maxOccurs=&quot;unbounded&quot;</ofd:TextCode></ofd:TextObject>
        </ofd:Layer>
    </ofd:Content>
</ofd:Page>
