﻿<?xml version="1.0" encoding="UTF-8"?>
<ofd:Page xmlns:ofd="http://www.ofdspec.org/2016">
    <ofd:Area>
        <ofd:PhysicalBox>0 0 210 297</ofd:PhysicalBox>
    </ofd:Area>
    <ofd:Content>
        <ofd:Layer ID="Layer1">
        <ofd:TextObject ID="4601" CTM="1 0 0 1 31.7 25.4"><ofd:TextCode>图 附 件 列 表 结 构</ofd:TextCode></ofd:TextObject>
        <ofd:TextObject ID="4602" CTM="1 0 0 1 31.7 31.599999999999998"><ofd:TextCode>91</ofd:TextCode></ofd:TextObject>
        <ofd:TextObject ID="4603" CTM="1 0 0 1 31.7 37.8"><ofd:TextCode>附 件 列 表 属 性 说 明 见 表 。</ofd:TextCode></ofd:TextObject>
        <ofd:TextObject ID="4604" CTM="1 0 0 1 31.7 44"><ofd:TextCode>72</ofd:TextCode></ofd:TextObject>
        <ofd:TextObject ID="4605" CTM="1 0 0 1 31.7 50.2"><ofd:TextCode>表 附 件 列 表 属 性</ofd:TextCode></ofd:TextObject>
        <ofd:TextObject ID="4606" CTM="1 0 0 1 31.7 56.400000000000006"><ofd:TextCode>72</ofd:TextCode></ofd:TextObject>
        <ofd:TextObject ID="4607" CTM="1 0 0 1 31.7 62.60000000000001"><ofd:TextCode>名 称 类 型 说 明 备 注</ofd:TextCode></ofd:TextObject>
        <ofd:TextObject ID="4608" CTM="1 0 0 1 31.7 68.80000000000001"><ofd:TextCode>附 件 列 表 根 节 点 可 选</ofd:TextCode></ofd:TextObject>
        <ofd:TextObject ID="4609" CTM="1 0 0 1 31.7 75.00000000000001"><ofd:TextCode>Attachments</ofd:TextCode></ofd:TextObject>
        <ofd:TextObject ID="4610" CTM="1 0 0 1 31.7 81.20000000000002"><ofd:TextCode>_</ofd:TextCode></ofd:TextObject>
        <ofd:TextObject ID="4611" CTM="1 0 0 1 31.7 87.40000000000002"><ofd:TextCode>附 件 可 选</ofd:TextCode></ofd:TextObject>
        <ofd:TextObject ID="4612" CTM="1 0 0 1 31.7 93.60000000000002"><ofd:TextCode>Attachment CTAttachment</ofd:TextCode></ofd:TextObject>
        <ofd:TextObject ID="4613" CTM="1 0 0 1 31.7 99.80000000000003"><ofd:TextCode>附 件</ofd:TextCode></ofd:TextObject>
        <ofd:TextObject ID="4614" CTM="1 0 0 1 31.7 106.00000000000003"><ofd:TextCode>20.2</ofd:TextCode></ofd:TextObject>
        <ofd:TextObject ID="4615" CTM="1 0 0 1 31.7 112.20000000000003"><ofd:TextCode>附 件 类 型 定 义 如 图 所 示。</ofd:TextCode></ofd:TextObject>
        <ofd:TextObject ID="4616" CTM="1 0 0 1 31.7 118.40000000000003"><ofd:TextCode>92</ofd:TextCode></ofd:TextObject>
        <ofd:TextObject ID="4617" CTM="1 0 0 1 31.7 124.60000000000004"><ofd:TextCode>图 附 件 结 构</ofd:TextCode></ofd:TextObject>
        <ofd:TextObject ID="4618" CTM="1 0 0 1 31.7 130.80000000000004"><ofd:TextCode>92</ofd:TextCode></ofd:TextObject>
        <ofd:TextObject ID="4619" CTM="1 0 0 1 31.7 137.00000000000003"><ofd:TextCode>。</ofd:TextCode></ofd:TextObject>
        <ofd:TextObject ID="4620" CTM="1 0 0 1 31.7 143.20000000000002"><ofd:TextCode>附 件 属 性 说 明 见 表</ofd:TextCode></ofd:TextObject>
        </ofd:Layer>
    </ofd:Content>
</ofd:Page>
