﻿<?xml version="1.0" encoding="UTF-8"?>
<ofd:Page xmlns:ofd="http://www.ofdspec.org/2016">
    <ofd:Area>
        <ofd:PhysicalBox>0 0 210 297</ofd:PhysicalBox>
    </ofd:Area>
    <ofd:Content>
        <ofd:Layer ID="Layer1">
        <ofd:TextObject ID="3901" CTM="1 0 0 1 31.7 25.4"><ofd:TextCode>页 面 打 开</ofd:TextCode></ofd:TextObject>
        <ofd:TextObject ID="3902" CTM="1 0 0 1 31.7 31.599999999999998"><ofd:TextCode>PO</ofd:TextCode></ofd:TextObject>
        <ofd:TextObject ID="3903" CTM="1 0 0 1 31.7 37.8"><ofd:TextCode>单 击 区 域</ofd:TextCode></ofd:TextObject>
        <ofd:TextObject ID="3904" CTM="1 0 0 1 31.7 44"><ofd:TextCode>CLICK</ofd:TextCode></ofd:TextObject>
        <ofd:TextObject ID="3905" CTM="1 0 0 1 31.7 50.2"><ofd:TextCode>73</ofd:TextCode></ofd:TextObject>
        <ofd:TextObject ID="3906" CTM="1 0 0 1 31.7 56.400000000000006"><ofd:TextCode>
</ofd:TextCode></ofd:TextObject>
        <ofd:TextObject ID="3907" CTM="1 0 0 1 31.7 60.800000000000004"><ofd:TextCode>
=== 第 79 页 ===
</ofd:TextCode></ofd:TextObject>
        <ofd:TextObject ID="3908" CTM="1 0 0 1 31.7 66.80000000000001"><ofd:TextCode>/ —</ofd:TextCode></ofd:TextObject>
        <ofd:TextObject ID="3909" CTM="1 0 0 1 31.7 73.00000000000001"><ofd:TextCode>GB T 33190 2016</ofd:TextCode></ofd:TextObject>
        <ofd:TextObject ID="3910" CTM="1 0 0 1 31.7 79.20000000000002"><ofd:TextCode>跳 转 动 作</ofd:TextCode></ofd:TextObject>
        <ofd:TextObject ID="3911" CTM="1 0 0 1 31.7 85.40000000000002"><ofd:TextCode>14.2</ofd:TextCode></ofd:TextObject>
        <ofd:TextObject ID="3912" CTM="1 0 0 1 31.7 91.60000000000002"><ofd:TextCode>跳 转 动 作 表 明 同 一 个 文 档 内 的 跳 转,包 含 一 个 目 标 区 域 或 者 书 签 位 置,如 图 所 示。</ofd:TextCode></ofd:TextObject>
        <ofd:TextObject ID="3913" CTM="1 0 0 1 31.7 97.80000000000003"><ofd:TextCode>74</ofd:TextCode></ofd:TextObject>
        <ofd:TextObject ID="3914" CTM="1 0 0 1 31.7 104.00000000000003"><ofd:TextCode>图 跳 转 动 作 结 构</ofd:TextCode></ofd:TextObject>
        <ofd:TextObject ID="3915" CTM="1 0 0 1 31.7 110.20000000000003"><ofd:TextCode>74</ofd:TextCode></ofd:TextObject>
        <ofd:TextObject ID="3916" CTM="1 0 0 1 31.7 116.40000000000003"><ofd:TextCode>跳 转 属 性 说 明 见 表 。</ofd:TextCode></ofd:TextObject>
        <ofd:TextObject ID="3917" CTM="1 0 0 1 31.7 122.60000000000004"><ofd:TextCode>53</ofd:TextCode></ofd:TextObject>
        <ofd:TextObject ID="3918" CTM="1 0 0 1 31.7 128.80000000000004"><ofd:TextCode>表 跳 转 动 作 属 性</ofd:TextCode></ofd:TextObject>
        <ofd:TextObject ID="3919" CTM="1 0 0 1 31.7 135.00000000000003"><ofd:TextCode>53</ofd:TextCode></ofd:TextObject>
        <ofd:TextObject ID="3920" CTM="1 0 0 1 31.7 141.20000000000002"><ofd:TextCode>名 称 类 型 说 明 备 注</ofd:TextCode></ofd:TextObject>
        </ofd:Layer>
    </ofd:Content>
</ofd:Page>
