﻿<?xml version="1.0" encoding="UTF-8"?>
<ofd:Page xmlns:ofd="http://www.ofdspec.org/2016">
    <ofd:Area>
        <ofd:PhysicalBox>0 0 210 297</ofd:PhysicalBox>
    </ofd:Area>
    <ofd:Content>
        <ofd:Layer ID="Layer1">
        <ofd:TextObject ID="6861" CTM="1 0 0 1 31.7 25.4"><ofd:TextCode>&gt;</ofd:TextCode></ofd:TextObject>
        <ofd:TextObject ID="6862" CTM="1 0 0 1 31.7 31.599999999999998"><ofd:TextCode>attributeFormDefault=&quot;unqualified&quot;</ofd:TextCode></ofd:TextObject>
        <ofd:TextObject ID="6863" CTM="1 0 0 1 31.7 37.8"><ofd:TextCode>&lt; : /&gt;</ofd:TextCode></ofd:TextObject>
        <ofd:TextObject ID="6864" CTM="1 0 0 1 31.7 44"><ofd:TextCode>xs includeschemaLocation=&quot;Definitions.xsd&quot;</ofd:TextCode></ofd:TextObject>
        <ofd:TextObject ID="6865" CTM="1 0 0 1 31.7 50.2"><ofd:TextCode>&lt;! 注 释 文 件 单 独 存 放,通 过 引 用 与 被 扩 展 对 象 发 生“非 接 触 式”关 联。 &gt;</ofd:TextCode></ofd:TextObject>
        <ofd:TextObject ID="6866" CTM="1 0 0 1 31.7 56.400000000000006"><ofd:TextCode>-- ID --</ofd:TextCode></ofd:TextObject>
        <ofd:TextObject ID="6867" CTM="1 0 0 1 31.7 62.60000000000001"><ofd:TextCode>&lt; : &gt;</ofd:TextCode></ofd:TextObject>
        <ofd:TextObject ID="6868" CTM="1 0 0 1 31.7 68.80000000000001"><ofd:TextCode>xs elementname=&quot;Extensions&quot;</ofd:TextCode></ofd:TextObject>
        <ofd:TextObject ID="6869" CTM="1 0 0 1 31.7 75.00000000000001"><ofd:TextCode>&lt; : &gt;</ofd:TextCode></ofd:TextObject>
        <ofd:TextObject ID="6870" CTM="1 0 0 1 31.7 81.20000000000002"><ofd:TextCode>xs complexType</ofd:TextCode></ofd:TextObject>
        <ofd:TextObject ID="6871" CTM="1 0 0 1 31.7 87.40000000000002"><ofd:TextCode>&lt; : &gt;</ofd:TextCode></ofd:TextObject>
        <ofd:TextObject ID="6872" CTM="1 0 0 1 31.7 93.60000000000002"><ofd:TextCode>xs se uence</ofd:TextCode></ofd:TextObject>
        <ofd:TextObject ID="6873" CTM="1 0 0 1 31.7 99.80000000000003"><ofd:TextCode>q</ofd:TextCode></ofd:TextObject>
        <ofd:TextObject ID="6874" CTM="1 0 0 1 31.7 106.00000000000003"><ofd:TextCode>&lt; : _</ofd:TextCode></ofd:TextObject>
        <ofd:TextObject ID="6875" CTM="1 0 0 1 31.7 112.20000000000003"><ofd:TextCode>xs elementname=&quot;Extension&quot;type=&quot;CT Extension&quot;</ofd:TextCode></ofd:TextObject>
        <ofd:TextObject ID="6876" CTM="1 0 0 1 31.7 118.40000000000003"><ofd:TextCode>/&gt;</ofd:TextCode></ofd:TextObject>
        <ofd:TextObject ID="6877" CTM="1 0 0 1 31.7 124.60000000000004"><ofd:TextCode>maxOccurs=&quot;unbounded&quot;</ofd:TextCode></ofd:TextObject>
        <ofd:TextObject ID="6878" CTM="1 0 0 1 31.7 130.80000000000004"><ofd:TextCode>&lt;/ : &gt;</ofd:TextCode></ofd:TextObject>
        <ofd:TextObject ID="6879" CTM="1 0 0 1 31.7 137.00000000000003"><ofd:TextCode>xs sequence</ofd:TextCode></ofd:TextObject>
        <ofd:TextObject ID="6880" CTM="1 0 0 1 31.7 143.20000000000002"><ofd:TextCode>&lt;/ : &gt;</ofd:TextCode></ofd:TextObject>
        </ofd:Layer>
    </ofd:Content>
</ofd:Page>
