﻿<?xml version="1.0" encoding="UTF-8"?>
<ofd:Page xmlns:ofd="http://www.ofdspec.org/2016">
    <ofd:Area>
        <ofd:PhysicalBox>0 0 210 297</ofd:PhysicalBox>
    </ofd:Area>
    <ofd:Content>
        <ofd:Layer ID="Layer1">
        <ofd:TextObject ID="7361" CTM="1 0 0 1 31.7 25.4"><ofd:TextCode>xs com lexT e</ofd:TextCode></ofd:TextObject>
        <ofd:TextObject ID="7362" CTM="1 0 0 1 31.7 31.599999999999998"><ofd:TextCode>p yp</ofd:TextCode></ofd:TextObject>
        <ofd:TextObject ID="7363" CTM="1 0 0 1 31.7 37.8"><ofd:TextCode>&lt;/ : &gt;</ofd:TextCode></ofd:TextObject>
        <ofd:TextObject ID="7364" CTM="1 0 0 1 31.7 44"><ofd:TextCode>xs element</ofd:TextCode></ofd:TextObject>
        <ofd:TextObject ID="7365" CTM="1 0 0 1 31.7 50.2"><ofd:TextCode>&lt; : &gt;</ofd:TextCode></ofd:TextObject>
        <ofd:TextObject ID="7366" CTM="1 0 0 1 31.7 56.400000000000006"><ofd:TextCode>xs elementname=&quot;PageBlock&quot;</ofd:TextCode></ofd:TextObject>
        <ofd:TextObject ID="7367" CTM="1 0 0 1 31.7 62.60000000000001"><ofd:TextCode>&lt; : &gt;</ofd:TextCode></ofd:TextObject>
        <ofd:TextObject ID="7368" CTM="1 0 0 1 31.7 68.80000000000001"><ofd:TextCode>xs complexType</ofd:TextCode></ofd:TextObject>
        <ofd:TextObject ID="7369" CTM="1 0 0 1 31.7 75.00000000000001"><ofd:TextCode>&lt; : &gt;</ofd:TextCode></ofd:TextObject>
        <ofd:TextObject ID="7370" CTM="1 0 0 1 31.7 81.20000000000002"><ofd:TextCode>xs com lexContent</ofd:TextCode></ofd:TextObject>
        <ofd:TextObject ID="7371" CTM="1 0 0 1 31.7 87.40000000000002"><ofd:TextCode>p</ofd:TextCode></ofd:TextObject>
        <ofd:TextObject ID="7372" CTM="1 0 0 1 31.7 93.60000000000002"><ofd:TextCode>&lt; : _ &gt;</ofd:TextCode></ofd:TextObject>
        <ofd:TextObject ID="7373" CTM="1 0 0 1 31.7 99.80000000000003"><ofd:TextCode>xs extensionbase=&quot;CT PageBlock&quot;</ofd:TextCode></ofd:TextObject>
        <ofd:TextObject ID="7374" CTM="1 0 0 1 31.7 106.00000000000003"><ofd:TextCode>&lt; : _</ofd:TextCode></ofd:TextObject>
        <ofd:TextObject ID="7375" CTM="1 0 0 1 31.7 112.20000000000003"><ofd:TextCode>xs attributename=&quot;ID&quot;type=&quot;ST ID&quot;</ofd:TextCode></ofd:TextObject>
        <ofd:TextObject ID="7376" CTM="1 0 0 1 31.7 118.40000000000003"><ofd:TextCode>/&gt;</ofd:TextCode></ofd:TextObject>
        <ofd:TextObject ID="7377" CTM="1 0 0 1 31.7 124.60000000000004"><ofd:TextCode>use=&quot;required&quot;</ofd:TextCode></ofd:TextObject>
        <ofd:TextObject ID="7378" CTM="1 0 0 1 31.7 130.80000000000004"><ofd:TextCode>&lt;/ : &gt;</ofd:TextCode></ofd:TextObject>
        <ofd:TextObject ID="7379" CTM="1 0 0 1 31.7 137.00000000000003"><ofd:TextCode>xs extension</ofd:TextCode></ofd:TextObject>
        <ofd:TextObject ID="7380" CTM="1 0 0 1 31.7 143.20000000000002"><ofd:TextCode>&lt;/ : &gt;</ofd:TextCode></ofd:TextObject>
        </ofd:Layer>
    </ofd:Content>
</ofd:Page>
