﻿<?xml version="1.0" encoding="UTF-8"?>
<ofd:Page xmlns:ofd="http://www.ofdspec.org/2016">
    <ofd:Area>
        <ofd:PhysicalBox>0 0 210 297</ofd:PhysicalBox>
    </ofd:Area>
    <ofd:Content>
        <ofd:Layer ID="Layer1">
        <ofd:TextObject ID="7061" CTM="1 0 0 1 31.7 25.4"><ofd:TextCode>&lt;/ : &gt;</ofd:TextCode></ofd:TextObject>
        <ofd:TextObject ID="7062" CTM="1 0 0 1 31.7 31.599999999999998"><ofd:TextCode>xs complexType</ofd:TextCode></ofd:TextObject>
        <ofd:TextObject ID="7063" CTM="1 0 0 1 31.7 37.8"><ofd:TextCode>&lt;/ : &gt;</ofd:TextCode></ofd:TextObject>
        <ofd:TextObject ID="7064" CTM="1 0 0 1 31.7 44"><ofd:TextCode>xs element</ofd:TextCode></ofd:TextObject>
        <ofd:TextObject ID="7065" CTM="1 0 0 1 31.7 50.2"><ofd:TextCode>&lt;/ : &gt;</ofd:TextCode></ofd:TextObject>
        <ofd:TextObject ID="7066" CTM="1 0 0 1 31.7 56.400000000000006"><ofd:TextCode>xs se uence</ofd:TextCode></ofd:TextObject>
        <ofd:TextObject ID="7067" CTM="1 0 0 1 31.7 62.60000000000001"><ofd:TextCode>q</ofd:TextCode></ofd:TextObject>
        <ofd:TextObject ID="7068" CTM="1 0 0 1 31.7 68.80000000000001"><ofd:TextCode>&lt;/ : &gt;</ofd:TextCode></ofd:TextObject>
        <ofd:TextObject ID="7069" CTM="1 0 0 1 31.7 75.00000000000001"><ofd:TextCode>xs complexType</ofd:TextCode></ofd:TextObject>
        <ofd:TextObject ID="7070" CTM="1 0 0 1 31.7 81.20000000000002"><ofd:TextCode>&lt;/ : &gt;</ofd:TextCode></ofd:TextObject>
        <ofd:TextObject ID="7071" CTM="1 0 0 1 31.7 87.40000000000002"><ofd:TextCode>xs element</ofd:TextCode></ofd:TextObject>
        <ofd:TextObject ID="7072" CTM="1 0 0 1 31.7 93.60000000000002"><ofd:TextCode>&lt; : _ /&gt;</ofd:TextCode></ofd:TextObject>
        <ofd:TextObject ID="7073" CTM="1 0 0 1 31.7 99.80000000000003"><ofd:TextCode>xs elementname=&quot;DocRoot&quot;type=&quot;ST Loc&quot;</ofd:TextCode></ofd:TextObject>
        <ofd:TextObject ID="7074" CTM="1 0 0 1 31.7 106.00000000000003"><ofd:TextCode>&lt;/ : &gt;</ofd:TextCode></ofd:TextObject>
        <ofd:TextObject ID="7075" CTM="1 0 0 1 31.7 112.20000000000003"><ofd:TextCode>xs se uence</ofd:TextCode></ofd:TextObject>
        <ofd:TextObject ID="7076" CTM="1 0 0 1 31.7 118.40000000000003"><ofd:TextCode>q</ofd:TextCode></ofd:TextObject>
        <ofd:TextObject ID="7077" CTM="1 0 0 1 31.7 124.60000000000004"><ofd:TextCode>&lt; : : /&gt;</ofd:TextCode></ofd:TextObject>
        <ofd:TextObject ID="7078" CTM="1 0 0 1 31.7 130.80000000000004"><ofd:TextCode>xs attributename=&quot;ID&quot;type=&quot;xs ID&quot;use=&quot;required&quot;</ofd:TextCode></ofd:TextObject>
        <ofd:TextObject ID="7079" CTM="1 0 0 1 31.7 137.00000000000003"><ofd:TextCode>&lt; : : /&gt;</ofd:TextCode></ofd:TextObject>
        <ofd:TextObject ID="7080" CTM="1 0 0 1 31.7 143.20000000000002"><ofd:TextCode>xs attributename=&quot;Version&quot;type=&quot;xs string&quot;</ofd:TextCode></ofd:TextObject>
        </ofd:Layer>
    </ofd:Content>
</ofd:Page>
