﻿<?xml version="1.0" encoding="UTF-8"?>
<ofd:Page xmlns:ofd="http://www.ofdspec.org/2016">
    <ofd:Area>
        <ofd:PhysicalBox>0 0 210 297</ofd:PhysicalBox>
    </ofd:Area>
    <ofd:Content>
        <ofd:Layer ID="Layer1">
        <ofd:TextObject ID="7341" CTM="1 0 0 1 31.7 25.4"><ofd:TextCode>p yp</ofd:TextCode></ofd:TextObject>
        <ofd:TextObject ID="7342" CTM="1 0 0 1 31.7 31.599999999999998"><ofd:TextCode>&lt; : &gt;</ofd:TextCode></ofd:TextObject>
        <ofd:TextObject ID="7343" CTM="1 0 0 1 31.7 37.8"><ofd:TextCode>xs complexContent</ofd:TextCode></ofd:TextObject>
        <ofd:TextObject ID="7344" CTM="1 0 0 1 31.7 44"><ofd:TextCode>&lt; : _ &gt;</ofd:TextCode></ofd:TextObject>
        <ofd:TextObject ID="7345" CTM="1 0 0 1 31.7 50.2"><ofd:TextCode>xs extensionbase=&quot;CT Composite&quot;</ofd:TextCode></ofd:TextObject>
        <ofd:TextObject ID="7346" CTM="1 0 0 1 31.7 56.400000000000006"><ofd:TextCode>&lt; : _</ofd:TextCode></ofd:TextObject>
        <ofd:TextObject ID="7347" CTM="1 0 0 1 31.7 62.60000000000001"><ofd:TextCode>xs attributename=&quot;ID&quot;type=&quot;ST ID&quot;</ofd:TextCode></ofd:TextObject>
        <ofd:TextObject ID="7348" CTM="1 0 0 1 31.7 68.80000000000001"><ofd:TextCode>/&gt;</ofd:TextCode></ofd:TextObject>
        <ofd:TextObject ID="7349" CTM="1 0 0 1 31.7 75.00000000000001"><ofd:TextCode>use=&quot;re uired&quot;</ofd:TextCode></ofd:TextObject>
        <ofd:TextObject ID="7350" CTM="1 0 0 1 31.7 81.20000000000002"><ofd:TextCode>q</ofd:TextCode></ofd:TextObject>
        <ofd:TextObject ID="7351" CTM="1 0 0 1 31.7 87.40000000000002"><ofd:TextCode>&lt;/ : &gt;</ofd:TextCode></ofd:TextObject>
        <ofd:TextObject ID="7352" CTM="1 0 0 1 31.7 93.60000000000002"><ofd:TextCode>xs extension</ofd:TextCode></ofd:TextObject>
        <ofd:TextObject ID="7353" CTM="1 0 0 1 31.7 99.80000000000003"><ofd:TextCode>117</ofd:TextCode></ofd:TextObject>
        <ofd:TextObject ID="7354" CTM="1 0 0 1 31.7 106.00000000000003"><ofd:TextCode>
</ofd:TextCode></ofd:TextObject>
        <ofd:TextObject ID="7355" CTM="1 0 0 1 31.7 110.40000000000003"><ofd:TextCode>
=== 第 123 页 ===
</ofd:TextCode></ofd:TextObject>
        <ofd:TextObject ID="7356" CTM="1 0 0 1 31.7 116.40000000000003"><ofd:TextCode>/ —</ofd:TextCode></ofd:TextObject>
        <ofd:TextObject ID="7357" CTM="1 0 0 1 31.7 122.60000000000004"><ofd:TextCode>GB T 33190 2016</ofd:TextCode></ofd:TextObject>
        <ofd:TextObject ID="7358" CTM="1 0 0 1 31.7 128.80000000000004"><ofd:TextCode>&lt;/ : &gt;</ofd:TextCode></ofd:TextObject>
        <ofd:TextObject ID="7359" CTM="1 0 0 1 31.7 135.00000000000003"><ofd:TextCode>xs complexContent</ofd:TextCode></ofd:TextObject>
        <ofd:TextObject ID="7360" CTM="1 0 0 1 31.7 141.20000000000002"><ofd:TextCode>&lt;/ : &gt;</ofd:TextCode></ofd:TextObject>
        </ofd:Layer>
    </ofd:Content>
</ofd:Page>
