﻿<?xml version="1.0" encoding="UTF-8"?>
<ofd:Page xmlns:ofd="http://www.ofdspec.org/2016">
    <ofd:Area>
        <ofd:PhysicalBox>0 0 210 297</ofd:PhysicalBox>
    </ofd:Area>
    <ofd:Content>
        <ofd:Layer ID="Layer1">
        <ofd:TextObject ID="6461" CTM="1 0 0 1 31.7 25.4"><ofd:TextCode>108</ofd:TextCode></ofd:TextObject>
        <ofd:TextObject ID="6462" CTM="1 0 0 1 31.7 31.599999999999998"><ofd:TextCode>
</ofd:TextCode></ofd:TextObject>
        <ofd:TextObject ID="6463" CTM="1 0 0 1 31.7 36"><ofd:TextCode>
=== 第 114 页 ===
</ofd:TextCode></ofd:TextObject>
        <ofd:TextObject ID="6464" CTM="1 0 0 1 31.7 42"><ofd:TextCode>/ —</ofd:TextCode></ofd:TextObject>
        <ofd:TextObject ID="6465" CTM="1 0 0 1 31.7 48.2"><ofd:TextCode>GB T 33190 2016</ofd:TextCode></ofd:TextObject>
        <ofd:TextObject ID="6466" CTM="1 0 0 1 31.7 54.400000000000006"><ofd:TextCode>/&gt;</ofd:TextCode></ofd:TextObject>
        <ofd:TextObject ID="6467" CTM="1 0 0 1 31.7 60.60000000000001"><ofd:TextCode>use=&quot;required&quot;</ofd:TextCode></ofd:TextObject>
        <ofd:TextObject ID="6468" CTM="1 0 0 1 31.7 66.80000000000001"><ofd:TextCode>&lt; : _</ofd:TextCode></ofd:TextObject>
        <ofd:TextObject ID="6469" CTM="1 0 0 1 31.7 73.00000000000001"><ofd:TextCode>xs attributename=&quot;EndPoint&quot;t e=&quot;ST Pos&quot;</ofd:TextCode></ofd:TextObject>
        <ofd:TextObject ID="6470" CTM="1 0 0 1 31.7 79.20000000000002"><ofd:TextCode>yp</ofd:TextCode></ofd:TextObject>
        <ofd:TextObject ID="6471" CTM="1 0 0 1 31.7 85.40000000000002"><ofd:TextCode>/&gt;</ofd:TextCode></ofd:TextObject>
        <ofd:TextObject ID="6472" CTM="1 0 0 1 31.7 91.60000000000002"><ofd:TextCode>use=&quot;re uired&quot;</ofd:TextCode></ofd:TextObject>
        <ofd:TextObject ID="6473" CTM="1 0 0 1 31.7 97.80000000000003"><ofd:TextCode>q</ofd:TextCode></ofd:TextObject>
        <ofd:TextObject ID="6474" CTM="1 0 0 1 31.7 104.00000000000003"><ofd:TextCode>&lt;/ : &gt;</ofd:TextCode></ofd:TextObject>
        <ofd:TextObject ID="6475" CTM="1 0 0 1 31.7 110.20000000000003"><ofd:TextCode>xs complexType</ofd:TextCode></ofd:TextObject>
        <ofd:TextObject ID="6476" CTM="1 0 0 1 31.7 116.40000000000003"><ofd:TextCode>&lt;/ : &gt;</ofd:TextCode></ofd:TextObject>
        <ofd:TextObject ID="6477" CTM="1 0 0 1 31.7 122.60000000000004"><ofd:TextCode>xs element</ofd:TextCode></ofd:TextObject>
        <ofd:TextObject ID="6478" CTM="1 0 0 1 31.7 128.80000000000004"><ofd:TextCode>&lt; : /&gt;</ofd:TextCode></ofd:TextObject>
        <ofd:TextObject ID="6479" CTM="1 0 0 1 31.7 135.00000000000003"><ofd:TextCode>xs elementname=&quot;Close&quot;</ofd:TextCode></ofd:TextObject>
        <ofd:TextObject ID="6480" CTM="1 0 0 1 31.7 141.20000000000002"><ofd:TextCode>&lt;/ : &gt;</ofd:TextCode></ofd:TextObject>
        </ofd:Layer>
    </ofd:Content>
</ofd:Page>
