﻿<?xml version="1.0" encoding="UTF-8"?>
<ofd:Page xmlns:ofd="http://www.ofdspec.org/2016">
    <ofd:Area>
        <ofd:PhysicalBox>0 0 210 297</ofd:PhysicalBox>
    </ofd:Area>
    <ofd:Content>
        <ofd:Layer ID="Layer1">
        <ofd:TextObject ID="4961" CTM="1 0 0 1 31.7 25.4"><ofd:TextCode>&lt; :</ofd:TextCode></ofd:TextObject>
        <ofd:TextObject ID="4962" CTM="1 0 0 1 31.7 31.599999999999998"><ofd:TextCode>xs enumeration</ofd:TextCode></ofd:TextObject>
        <ofd:TextObject ID="4963" CTM="1 0 0 1 31.7 37.8"><ofd:TextCode>/&gt;</ofd:TextCode></ofd:TextObject>
        <ofd:TextObject ID="4964" CTM="1 0 0 1 31.7 44"><ofd:TextCode>value=&quot;Fore round&quot;</ofd:TextCode></ofd:TextObject>
        <ofd:TextObject ID="4965" CTM="1 0 0 1 31.7 50.2"><ofd:TextCode>g</ofd:TextCode></ofd:TextObject>
        <ofd:TextObject ID="4966" CTM="1 0 0 1 31.7 56.400000000000006"><ofd:TextCode>&lt;/ : &gt;</ofd:TextCode></ofd:TextObject>
        <ofd:TextObject ID="4967" CTM="1 0 0 1 31.7 62.60000000000001"><ofd:TextCode>xs restriction</ofd:TextCode></ofd:TextObject>
        <ofd:TextObject ID="4968" CTM="1 0 0 1 31.7 68.80000000000001"><ofd:TextCode>&lt;/ : &gt;</ofd:TextCode></ofd:TextObject>
        <ofd:TextObject ID="4969" CTM="1 0 0 1 31.7 75.00000000000001"><ofd:TextCode>xs simpleType</ofd:TextCode></ofd:TextObject>
        <ofd:TextObject ID="4970" CTM="1 0 0 1 31.7 81.20000000000002"><ofd:TextCode>&lt;/ : &gt;</ofd:TextCode></ofd:TextObject>
        <ofd:TextObject ID="4971" CTM="1 0 0 1 31.7 87.40000000000002"><ofd:TextCode>xs attribute</ofd:TextCode></ofd:TextObject>
        <ofd:TextObject ID="4972" CTM="1 0 0 1 31.7 93.60000000000002"><ofd:TextCode>&lt; : _</ofd:TextCode></ofd:TextObject>
        <ofd:TextObject ID="4973" CTM="1 0 0 1 31.7 99.80000000000003"><ofd:TextCode>xs attributename=&quot;BaseLoc&quot;t e=&quot;ST Loc&quot;</ofd:TextCode></ofd:TextObject>
        <ofd:TextObject ID="4974" CTM="1 0 0 1 31.7 106.00000000000003"><ofd:TextCode>yp</ofd:TextCode></ofd:TextObject>
        <ofd:TextObject ID="4975" CTM="1 0 0 1 31.7 112.20000000000003"><ofd:TextCode>/&gt;</ofd:TextCode></ofd:TextObject>
        <ofd:TextObject ID="4976" CTM="1 0 0 1 31.7 118.40000000000003"><ofd:TextCode>use=&quot;required&quot;</ofd:TextCode></ofd:TextObject>
        <ofd:TextObject ID="4977" CTM="1 0 0 1 31.7 124.60000000000004"><ofd:TextCode>&lt;/ : &gt;</ofd:TextCode></ofd:TextObject>
        <ofd:TextObject ID="4978" CTM="1 0 0 1 31.7 130.80000000000004"><ofd:TextCode>xs complexType</ofd:TextCode></ofd:TextObject>
        <ofd:TextObject ID="4979" CTM="1 0 0 1 31.7 137.00000000000003"><ofd:TextCode>&lt;/ : &gt;</ofd:TextCode></ofd:TextObject>
        <ofd:TextObject ID="4980" CTM="1 0 0 1 31.7 143.20000000000002"><ofd:TextCode>xs element</ofd:TextCode></ofd:TextObject>
        </ofd:Layer>
    </ofd:Content>
</ofd:Page>
