﻿<?xml version="1.0" encoding="UTF-8"?>
<ofd:Page xmlns:ofd="http://www.ofdspec.org/2016">
    <ofd:Area>
        <ofd:PhysicalBox>0 0 210 297</ofd:PhysicalBox>
    </ofd:Area>
    <ofd:Content>
        <ofd:Layer ID="Layer1">
        <ofd:TextObject ID="6261" CTM="1 0 0 1 31.7 25.4"><ofd:TextCode>&lt; : &gt;</ofd:TextCode></ofd:TextObject>
        <ofd:TextObject ID="6262" CTM="1 0 0 1 31.7 31.599999999999998"><ofd:TextCode>xs complexType</ofd:TextCode></ofd:TextObject>
        <ofd:TextObject ID="6263" CTM="1 0 0 1 31.7 37.8"><ofd:TextCode>&lt; : :</ofd:TextCode></ofd:TextObject>
        <ofd:TextObject ID="6264" CTM="1 0 0 1 31.7 44"><ofd:TextCode>xs attributename=&quot;AttachID&quot;t e=&quot;xs IDREF&quot;</ofd:TextCode></ofd:TextObject>
        <ofd:TextObject ID="6265" CTM="1 0 0 1 31.7 50.2"><ofd:TextCode>yp</ofd:TextCode></ofd:TextObject>
        <ofd:TextObject ID="6266" CTM="1 0 0 1 31.7 56.400000000000006"><ofd:TextCode>/&gt;</ofd:TextCode></ofd:TextObject>
        <ofd:TextObject ID="6267" CTM="1 0 0 1 31.7 62.60000000000001"><ofd:TextCode>use=&quot;re uired&quot;</ofd:TextCode></ofd:TextObject>
        <ofd:TextObject ID="6268" CTM="1 0 0 1 31.7 68.80000000000001"><ofd:TextCode>q</ofd:TextCode></ofd:TextObject>
        <ofd:TextObject ID="6269" CTM="1 0 0 1 31.7 75.00000000000001"><ofd:TextCode>&lt; : :</ofd:TextCode></ofd:TextObject>
        <ofd:TextObject ID="6270" CTM="1 0 0 1 31.7 81.20000000000002"><ofd:TextCode>xs attributename=&quot;NewWindow&quot;type=&quot;xs boolean&quot;</ofd:TextCode></ofd:TextObject>
        <ofd:TextObject ID="6271" CTM="1 0 0 1 31.7 87.40000000000002"><ofd:TextCode>/&gt;</ofd:TextCode></ofd:TextObject>
        <ofd:TextObject ID="6272" CTM="1 0 0 1 31.7 93.60000000000002"><ofd:TextCode>default=&quot;true&quot;</ofd:TextCode></ofd:TextObject>
        <ofd:TextObject ID="6273" CTM="1 0 0 1 31.7 99.80000000000003"><ofd:TextCode>&lt;/ : &gt;</ofd:TextCode></ofd:TextObject>
        <ofd:TextObject ID="6274" CTM="1 0 0 1 31.7 106.00000000000003"><ofd:TextCode>xs com lexT e</ofd:TextCode></ofd:TextObject>
        <ofd:TextObject ID="6275" CTM="1 0 0 1 31.7 112.20000000000003"><ofd:TextCode>p yp</ofd:TextCode></ofd:TextObject>
        <ofd:TextObject ID="6276" CTM="1 0 0 1 31.7 118.40000000000003"><ofd:TextCode>&lt;/ : &gt;</ofd:TextCode></ofd:TextObject>
        <ofd:TextObject ID="6277" CTM="1 0 0 1 31.7 124.60000000000004"><ofd:TextCode>xs element</ofd:TextCode></ofd:TextObject>
        <ofd:TextObject ID="6278" CTM="1 0 0 1 31.7 130.80000000000004"><ofd:TextCode>&lt; : &gt;</ofd:TextCode></ofd:TextObject>
        <ofd:TextObject ID="6279" CTM="1 0 0 1 31.7 137.00000000000003"><ofd:TextCode>xs elementname=&quot;Sound&quot;</ofd:TextCode></ofd:TextObject>
        <ofd:TextObject ID="6280" CTM="1 0 0 1 31.7 143.20000000000002"><ofd:TextCode>&lt; : &gt;</ofd:TextCode></ofd:TextObject>
        </ofd:Layer>
    </ofd:Content>
</ofd:Page>
