﻿<?xml version="1.0" encoding="UTF-8"?>
<ofd:Page xmlns:ofd="http://www.ofdspec.org/2016">
    <ofd:Area>
        <ofd:PhysicalBox>0 0 210 297</ofd:PhysicalBox>
    </ofd:Area>
    <ofd:Content>
        <ofd:Layer ID="Layer1">
        <ofd:TextObject ID="6881" CTM="1 0 0 1 31.7 25.4"><ofd:TextCode>xs com lexT e</ofd:TextCode></ofd:TextObject>
        <ofd:TextObject ID="6882" CTM="1 0 0 1 31.7 31.599999999999998"><ofd:TextCode>p yp</ofd:TextCode></ofd:TextObject>
        <ofd:TextObject ID="6883" CTM="1 0 0 1 31.7 37.8"><ofd:TextCode>&lt;/ : &gt;</ofd:TextCode></ofd:TextObject>
        <ofd:TextObject ID="6884" CTM="1 0 0 1 31.7 44"><ofd:TextCode>xs element</ofd:TextCode></ofd:TextObject>
        <ofd:TextObject ID="6885" CTM="1 0 0 1 31.7 50.2"><ofd:TextCode>&lt; : _ &gt;</ofd:TextCode></ofd:TextObject>
        <ofd:TextObject ID="6886" CTM="1 0 0 1 31.7 56.400000000000006"><ofd:TextCode>xs complexTypename=&quot;CT Extension&quot;</ofd:TextCode></ofd:TextObject>
        <ofd:TextObject ID="6887" CTM="1 0 0 1 31.7 62.60000000000001"><ofd:TextCode>&lt; : &gt;</ofd:TextCode></ofd:TextObject>
        <ofd:TextObject ID="6888" CTM="1 0 0 1 31.7 68.80000000000001"><ofd:TextCode>xs choicemaxOccurs=&quot;unbounded&quot;</ofd:TextCode></ofd:TextObject>
        <ofd:TextObject ID="6889" CTM="1 0 0 1 31.7 75.00000000000001"><ofd:TextCode>&lt; : &gt;</ofd:TextCode></ofd:TextObject>
        <ofd:TextObject ID="6890" CTM="1 0 0 1 31.7 81.20000000000002"><ofd:TextCode>xs elementname=&quot;Property&quot;</ofd:TextCode></ofd:TextObject>
        <ofd:TextObject ID="6891" CTM="1 0 0 1 31.7 87.40000000000002"><ofd:TextCode>&lt; : &gt;</ofd:TextCode></ofd:TextObject>
        <ofd:TextObject ID="6892" CTM="1 0 0 1 31.7 93.60000000000002"><ofd:TextCode>xs complexType</ofd:TextCode></ofd:TextObject>
        <ofd:TextObject ID="6893" CTM="1 0 0 1 31.7 99.80000000000003"><ofd:TextCode>&lt; : &gt;</ofd:TextCode></ofd:TextObject>
        <ofd:TextObject ID="6894" CTM="1 0 0 1 31.7 106.00000000000003"><ofd:TextCode>xs simpleContent</ofd:TextCode></ofd:TextObject>
        <ofd:TextObject ID="6895" CTM="1 0 0 1 31.7 112.20000000000003"><ofd:TextCode>&lt; : : &gt;</ofd:TextCode></ofd:TextObject>
        <ofd:TextObject ID="6896" CTM="1 0 0 1 31.7 118.40000000000003"><ofd:TextCode>xs extensionbase=&quot;xs strin &quot;</ofd:TextCode></ofd:TextObject>
        <ofd:TextObject ID="6897" CTM="1 0 0 1 31.7 124.60000000000004"><ofd:TextCode>g</ofd:TextCode></ofd:TextObject>
        <ofd:TextObject ID="6898" CTM="1 0 0 1 31.7 130.80000000000004"><ofd:TextCode>&lt; : :</ofd:TextCode></ofd:TextObject>
        <ofd:TextObject ID="6899" CTM="1 0 0 1 31.7 137.00000000000003"><ofd:TextCode>xs attributename=&quot;Name&quot;type=&quot;xs string&quot;</ofd:TextCode></ofd:TextObject>
        <ofd:TextObject ID="6900" CTM="1 0 0 1 31.7 143.20000000000002"><ofd:TextCode>/&gt;</ofd:TextCode></ofd:TextObject>
        </ofd:Layer>
    </ofd:Content>
</ofd:Page>
