﻿<?xml version="1.0" encoding="UTF-8"?>
<ofd:Page xmlns:ofd="http://www.ofdspec.org/2016">
    <ofd:Area>
        <ofd:PhysicalBox>0 0 210 297</ofd:PhysicalBox>
    </ofd:Area>
    <ofd:Content>
        <ofd:Layer ID="Layer1">
        <ofd:TextObject ID="7021" CTM="1 0 0 1 31.7 25.4"><ofd:TextCode>xs includeschemaLocation=&quot;Definitions.xsd&quot;</ofd:TextCode></ofd:TextObject>
        <ofd:TextObject ID="7022" CTM="1 0 0 1 31.7 31.599999999999998"><ofd:TextCode>&lt;! 版 本 控 制 信 息 定 义。 &gt;</ofd:TextCode></ofd:TextObject>
        <ofd:TextObject ID="7023" CTM="1 0 0 1 31.7 37.8"><ofd:TextCode>-- --</ofd:TextCode></ofd:TextObject>
        <ofd:TextObject ID="7024" CTM="1 0 0 1 31.7 44"><ofd:TextCode>&lt; : &gt;</ofd:TextCode></ofd:TextObject>
        <ofd:TextObject ID="7025" CTM="1 0 0 1 31.7 50.2"><ofd:TextCode>xs elementname=&quot;DocVersion&quot;</ofd:TextCode></ofd:TextObject>
        <ofd:TextObject ID="7026" CTM="1 0 0 1 31.7 56.400000000000006"><ofd:TextCode>&lt; : &gt;</ofd:TextCode></ofd:TextObject>
        <ofd:TextObject ID="7027" CTM="1 0 0 1 31.7 62.60000000000001"><ofd:TextCode>xs com lexT e</ofd:TextCode></ofd:TextObject>
        <ofd:TextObject ID="7028" CTM="1 0 0 1 31.7 68.80000000000001"><ofd:TextCode>p yp</ofd:TextCode></ofd:TextObject>
        <ofd:TextObject ID="7029" CTM="1 0 0 1 31.7 75.00000000000001"><ofd:TextCode>&lt; : &gt;</ofd:TextCode></ofd:TextObject>
        <ofd:TextObject ID="7030" CTM="1 0 0 1 31.7 81.20000000000002"><ofd:TextCode>xs se uence</ofd:TextCode></ofd:TextObject>
        <ofd:TextObject ID="7031" CTM="1 0 0 1 31.7 87.40000000000002"><ofd:TextCode>q</ofd:TextCode></ofd:TextObject>
        <ofd:TextObject ID="7032" CTM="1 0 0 1 31.7 93.60000000000002"><ofd:TextCode>&lt; : &gt;</ofd:TextCode></ofd:TextObject>
        <ofd:TextObject ID="7033" CTM="1 0 0 1 31.7 99.80000000000003"><ofd:TextCode>xs elementname=&quot;FileList&quot;</ofd:TextCode></ofd:TextObject>
        <ofd:TextObject ID="7034" CTM="1 0 0 1 31.7 106.00000000000003"><ofd:TextCode>&lt; : &gt;</ofd:TextCode></ofd:TextObject>
        <ofd:TextObject ID="7035" CTM="1 0 0 1 31.7 112.20000000000003"><ofd:TextCode>xs complexType</ofd:TextCode></ofd:TextObject>
        <ofd:TextObject ID="7036" CTM="1 0 0 1 31.7 118.40000000000003"><ofd:TextCode>&lt; : &gt;</ofd:TextCode></ofd:TextObject>
        <ofd:TextObject ID="7037" CTM="1 0 0 1 31.7 124.60000000000004"><ofd:TextCode>xs se uence</ofd:TextCode></ofd:TextObject>
        <ofd:TextObject ID="7038" CTM="1 0 0 1 31.7 130.80000000000004"><ofd:TextCode>q</ofd:TextCode></ofd:TextObject>
        <ofd:TextObject ID="7039" CTM="1 0 0 1 31.7 137.00000000000003"><ofd:TextCode>&lt; : &gt;</ofd:TextCode></ofd:TextObject>
        <ofd:TextObject ID="7040" CTM="1 0 0 1 31.7 143.20000000000002"><ofd:TextCode>xs elementname=&quot;File&quot;maxOccurs=&quot;unbounded&quot;</ofd:TextCode></ofd:TextObject>
        </ofd:Layer>
    </ofd:Content>
</ofd:Page>
