﻿<?xml version="1.0" encoding="UTF-8"?>
<ofd:Page xmlns:ofd="http://www.ofdspec.org/2016">
    <ofd:Area>
        <ofd:PhysicalBox>0 0 210 297</ofd:PhysicalBox>
    </ofd:Area>
    <ofd:Content>
        <ofd:Layer ID="Layer1">
        <ofd:TextObject ID="6521" CTM="1 0 0 1 31.7 25.4"><ofd:TextCode>xs elementname=&quot;MaxSi nId&quot;t e=&quot;xs ID&quot;minOccurs=&quot;0&quot;</ofd:TextCode></ofd:TextObject>
        <ofd:TextObject ID="6522" CTM="1 0 0 1 31.7 31.599999999999998"><ofd:TextCode>g yp</ofd:TextCode></ofd:TextObject>
        <ofd:TextObject ID="6523" CTM="1 0 0 1 31.7 37.8"><ofd:TextCode>&lt; :</ofd:TextCode></ofd:TextObject>
        <ofd:TextObject ID="6524" CTM="1 0 0 1 31.7 44"><ofd:TextCode>xs elementname=&quot;Si nature&quot;minOccurs=&quot;0&quot;</ofd:TextCode></ofd:TextObject>
        <ofd:TextObject ID="6525" CTM="1 0 0 1 31.7 50.2"><ofd:TextCode>g</ofd:TextCode></ofd:TextObject>
        <ofd:TextObject ID="6526" CTM="1 0 0 1 31.7 56.400000000000006"><ofd:TextCode>&gt;</ofd:TextCode></ofd:TextObject>
        <ofd:TextObject ID="6527" CTM="1 0 0 1 31.7 62.60000000000001"><ofd:TextCode>maxOccurs=&quot;unbounded&quot;</ofd:TextCode></ofd:TextObject>
        <ofd:TextObject ID="6528" CTM="1 0 0 1 31.7 68.80000000000001"><ofd:TextCode>&lt; : &gt;</ofd:TextCode></ofd:TextObject>
        <ofd:TextObject ID="6529" CTM="1 0 0 1 31.7 75.00000000000001"><ofd:TextCode>xs complexType</ofd:TextCode></ofd:TextObject>
        <ofd:TextObject ID="6530" CTM="1 0 0 1 31.7 81.20000000000002"><ofd:TextCode>&lt; : : /&gt;</ofd:TextCode></ofd:TextObject>
        <ofd:TextObject ID="6531" CTM="1 0 0 1 31.7 87.40000000000002"><ofd:TextCode>xs attributename=&quot;ID&quot;t e=&quot;xs ID&quot;use=&quot;re uired&quot;</ofd:TextCode></ofd:TextObject>
        <ofd:TextObject ID="6532" CTM="1 0 0 1 31.7 93.60000000000002"><ofd:TextCode>yp q</ofd:TextCode></ofd:TextObject>
        <ofd:TextObject ID="6533" CTM="1 0 0 1 31.7 99.80000000000003"><ofd:TextCode>&lt; : &gt;</ofd:TextCode></ofd:TextObject>
        <ofd:TextObject ID="6534" CTM="1 0 0 1 31.7 106.00000000000003"><ofd:TextCode>xs attributename=&quot;Type&quot;default=&quot;Seal&quot;</ofd:TextCode></ofd:TextObject>
        <ofd:TextObject ID="6535" CTM="1 0 0 1 31.7 112.20000000000003"><ofd:TextCode>&lt; : &gt;</ofd:TextCode></ofd:TextObject>
        <ofd:TextObject ID="6536" CTM="1 0 0 1 31.7 118.40000000000003"><ofd:TextCode>xs simpleType</ofd:TextCode></ofd:TextObject>
        <ofd:TextObject ID="6537" CTM="1 0 0 1 31.7 124.60000000000004"><ofd:TextCode>&lt; : : &gt;</ofd:TextCode></ofd:TextObject>
        <ofd:TextObject ID="6538" CTM="1 0 0 1 31.7 130.80000000000004"><ofd:TextCode>xs restrictionbase=&quot;xs strin &quot;</ofd:TextCode></ofd:TextObject>
        <ofd:TextObject ID="6539" CTM="1 0 0 1 31.7 137.00000000000003"><ofd:TextCode>g</ofd:TextCode></ofd:TextObject>
        <ofd:TextObject ID="6540" CTM="1 0 0 1 31.7 143.20000000000002"><ofd:TextCode>&lt; : /&gt;</ofd:TextCode></ofd:TextObject>
        </ofd:Layer>
    </ofd:Content>
</ofd:Page>
