﻿<?xml version="1.0" encoding="UTF-8"?>
<ofd:Page xmlns:ofd="http://www.ofdspec.org/2016">
    <ofd:Area>
        <ofd:PhysicalBox>0 0 210 297</ofd:PhysicalBox>
    </ofd:Area>
    <ofd:Content>
        <ofd:Layer ID="Layer1">
        <ofd:TextObject ID="6121" CTM="1 0 0 1 31.7 25.4"><ofd:TextCode>xs sim leT e</ofd:TextCode></ofd:TextObject>
        <ofd:TextObject ID="6122" CTM="1 0 0 1 31.7 31.599999999999998"><ofd:TextCode>p yp</ofd:TextCode></ofd:TextObject>
        <ofd:TextObject ID="6123" CTM="1 0 0 1 31.7 37.8"><ofd:TextCode>&lt; : _ &gt;</ofd:TextCode></ofd:TextObject>
        <ofd:TextObject ID="6124" CTM="1 0 0 1 31.7 44"><ofd:TextCode>xs simpleTypename=&quot;ST Box&quot;</ofd:TextCode></ofd:TextObject>
        <ofd:TextObject ID="6125" CTM="1 0 0 1 31.7 50.2"><ofd:TextCode>&lt; : : /&gt;</ofd:TextCode></ofd:TextObject>
        <ofd:TextObject ID="6126" CTM="1 0 0 1 31.7 56.400000000000006"><ofd:TextCode>xs restrictionbase=&quot;xs string&quot;</ofd:TextCode></ofd:TextObject>
        <ofd:TextObject ID="6127" CTM="1 0 0 1 31.7 62.60000000000001"><ofd:TextCode>&lt;/ : &gt;</ofd:TextCode></ofd:TextObject>
        <ofd:TextObject ID="6128" CTM="1 0 0 1 31.7 68.80000000000001"><ofd:TextCode>xs sim leT e</ofd:TextCode></ofd:TextObject>
        <ofd:TextObject ID="6129" CTM="1 0 0 1 31.7 75.00000000000001"><ofd:TextCode>p yp</ofd:TextCode></ofd:TextObject>
        <ofd:TextObject ID="6130" CTM="1 0 0 1 31.7 81.20000000000002"><ofd:TextCode>&lt;! 公 用 的 复 杂 类 型 定 义。 &gt;</ofd:TextCode></ofd:TextObject>
        <ofd:TextObject ID="6131" CTM="1 0 0 1 31.7 87.40000000000002"><ofd:TextCode>-- --</ofd:TextCode></ofd:TextObject>
        <ofd:TextObject ID="6132" CTM="1 0 0 1 31.7 93.60000000000002"><ofd:TextCode>&lt; : _ &gt;</ofd:TextCode></ofd:TextObject>
        <ofd:TextObject ID="6133" CTM="1 0 0 1 31.7 99.80000000000003"><ofd:TextCode>xs complexTypename=&quot;CT Dest&quot;</ofd:TextCode></ofd:TextObject>
        <ofd:TextObject ID="6134" CTM="1 0 0 1 31.7 106.00000000000003"><ofd:TextCode>&lt; : &gt;</ofd:TextCode></ofd:TextObject>
        <ofd:TextObject ID="6135" CTM="1 0 0 1 31.7 112.20000000000003"><ofd:TextCode>xs attributename=&quot;T e&quot;use=&quot;re uired&quot;</ofd:TextCode></ofd:TextObject>
        <ofd:TextObject ID="6136" CTM="1 0 0 1 31.7 118.40000000000003"><ofd:TextCode>yp q</ofd:TextCode></ofd:TextObject>
        <ofd:TextObject ID="6137" CTM="1 0 0 1 31.7 124.60000000000004"><ofd:TextCode>&lt; : &gt;</ofd:TextCode></ofd:TextObject>
        <ofd:TextObject ID="6138" CTM="1 0 0 1 31.7 130.80000000000004"><ofd:TextCode>xs sim leT e</ofd:TextCode></ofd:TextObject>
        <ofd:TextObject ID="6139" CTM="1 0 0 1 31.7 137.00000000000003"><ofd:TextCode>p yp</ofd:TextCode></ofd:TextObject>
        <ofd:TextObject ID="6140" CTM="1 0 0 1 31.7 143.20000000000002"><ofd:TextCode>&lt; : : &gt;</ofd:TextCode></ofd:TextObject>
        </ofd:Layer>
    </ofd:Content>
</ofd:Page>
