﻿<?xml version="1.0" encoding="UTF-8"?>
<ofd:Page xmlns:ofd="http://www.ofdspec.org/2016">
    <ofd:Area>
        <ofd:PhysicalBox>0 0 210 297</ofd:PhysicalBox>
    </ofd:Area>
    <ofd:Content>
        <ofd:Layer ID="Layer1">
        <ofd:TextObject ID="4421" CTM="1 0 0 1 31.7 25.4"><ofd:TextCode>Version xsstrin</ofd:TextCode></ofd:TextObject>
        <ofd:TextObject ID="4422" CTM="1 0 0 1 31.7 31.599999999999998"><ofd:TextCode>g</ofd:TextCode></ofd:TextObject>
        <ofd:TextObject ID="4423" CTM="1 0 0 1 31.7 37.8"><ofd:TextCode>: 签 名 时 间,记 录 安 全 模 块 返 回 的 签 名 时 间,以 便 验 证 时 使 用 必 选</ofd:TextCode></ofd:TextObject>
        <ofd:TextObject ID="4424" CTM="1 0 0 1 31.7 44"><ofd:TextCode>SinatureDateTime xsstrin</ofd:TextCode></ofd:TextObject>
        <ofd:TextObject ID="4425" CTM="1 0 0 1 31.7 50.2"><ofd:TextCode>g g</ofd:TextCode></ofd:TextObject>
        <ofd:TextObject ID="4426" CTM="1 0 0 1 31.7 56.400000000000006"><ofd:TextCode>84</ofd:TextCode></ofd:TextObject>
        <ofd:TextObject ID="4427" CTM="1 0 0 1 31.7 62.60000000000001"><ofd:TextCode>
</ofd:TextCode></ofd:TextObject>
        <ofd:TextObject ID="4428" CTM="1 0 0 1 31.7 67.00000000000001"><ofd:TextCode>
=== 第 90 页 ===
</ofd:TextCode></ofd:TextObject>
        <ofd:TextObject ID="4429" CTM="1 0 0 1 31.7 73.00000000000001"><ofd:TextCode>/ —</ofd:TextCode></ofd:TextObject>
        <ofd:TextObject ID="4430" CTM="1 0 0 1 31.7 79.20000000000002"><ofd:TextCode>GB T 33190 2016</ofd:TextCode></ofd:TextObject>
        <ofd:TextObject ID="4431" CTM="1 0 0 1 31.7 85.40000000000002"><ofd:TextCode>表 (续)</ofd:TextCode></ofd:TextObject>
        <ofd:TextObject ID="4432" CTM="1 0 0 1 31.7 91.60000000000002"><ofd:TextCode>67</ofd:TextCode></ofd:TextObject>
        <ofd:TextObject ID="4433" CTM="1 0 0 1 31.7 97.80000000000003"><ofd:TextCode>名 称 类 型 说 明 备 注</ofd:TextCode></ofd:TextObject>
        <ofd:TextObject ID="4434" CTM="1 0 0 1 31.7 104.00000000000003"><ofd:TextCode>: 签 名 方 法,记 录 安 全 模 块 返 回 的 签 名 算 法 代 码,以 便 验 证 时 使 用 必 选</ofd:TextCode></ofd:TextObject>
        <ofd:TextObject ID="4435" CTM="1 0 0 1 31.7 110.20000000000003"><ofd:TextCode>SinatureMethod xsstrin</ofd:TextCode></ofd:TextObject>
        <ofd:TextObject ID="4436" CTM="1 0 0 1 31.7 116.40000000000003"><ofd:TextCode>g g</ofd:TextCode></ofd:TextObject>
        <ofd:TextObject ID="4437" CTM="1 0 0 1 31.7 122.60000000000004"><ofd:TextCode>包 内 文 件 计 算 所 得 的 摘 要 记 录 列 表</ofd:TextCode></ofd:TextObject>
        <ofd:TextObject ID="4438" CTM="1 0 0 1 31.7 128.80000000000004"><ofd:TextCode>必 选</ofd:TextCode></ofd:TextObject>
        <ofd:TextObject ID="4439" CTM="1 0 0 1 31.7 135.00000000000003"><ofd:TextCode>References</ofd:TextCode></ofd:TextObject>
        <ofd:TextObject ID="4440" CTM="1 0 0 1 31.7 141.20000000000002"><ofd:TextCode>一 个 受 本 次 签 名 保 护 的 包 内 文 件 对 应 一 个 节 点</ofd:TextCode></ofd:TextObject>
        </ofd:Layer>
    </ofd:Content>
</ofd:Page>
