﻿<?xml version="1.0" encoding="UTF-8"?>
<ofd:Page xmlns:ofd="http://www.ofdspec.org/2016">
    <ofd:Area>
        <ofd:PhysicalBox>0 0 210 297</ofd:PhysicalBox>
    </ofd:Area>
    <ofd:Content>
        <ofd:Layer ID="Layer1">
        <ofd:TextObject ID="7681" CTM="1 0 0 1 31.7 25.4"><ofd:TextCode>&lt;/ : &gt;</ofd:TextCode></ofd:TextObject>
        <ofd:TextObject ID="7682" CTM="1 0 0 1 31.7 31.599999999999998"><ofd:TextCode>xs complexType</ofd:TextCode></ofd:TextObject>
        <ofd:TextObject ID="7683" CTM="1 0 0 1 31.7 37.8"><ofd:TextCode>&lt; : _ &gt;</ofd:TextCode></ofd:TextObject>
        <ofd:TextObject ID="7684" CTM="1 0 0 1 31.7 44"><ofd:TextCode>xs com lexT ename=&quot;CT CGTransform&quot;</ofd:TextCode></ofd:TextObject>
        <ofd:TextObject ID="7685" CTM="1 0 0 1 31.7 50.2"><ofd:TextCode>p yp</ofd:TextCode></ofd:TextObject>
        <ofd:TextObject ID="7686" CTM="1 0 0 1 31.7 56.400000000000006"><ofd:TextCode>&lt; : &gt;</ofd:TextCode></ofd:TextObject>
        <ofd:TextObject ID="7687" CTM="1 0 0 1 31.7 62.60000000000001"><ofd:TextCode>xs sequence</ofd:TextCode></ofd:TextObject>
        <ofd:TextObject ID="7688" CTM="1 0 0 1 31.7 68.80000000000001"><ofd:TextCode>&lt; : _ /&gt;</ofd:TextCode></ofd:TextObject>
        <ofd:TextObject ID="7689" CTM="1 0 0 1 31.7 75.00000000000001"><ofd:TextCode>xs elementname=&quot;Glyphs&quot;type=&quot;ST Array&quot;minOccurs=&quot;0&quot;</ofd:TextCode></ofd:TextObject>
        <ofd:TextObject ID="7690" CTM="1 0 0 1 31.7 81.20000000000002"><ofd:TextCode>&lt;/ : &gt;</ofd:TextCode></ofd:TextObject>
        <ofd:TextObject ID="7691" CTM="1 0 0 1 31.7 87.40000000000002"><ofd:TextCode>xs se uence</ofd:TextCode></ofd:TextObject>
        <ofd:TextObject ID="7692" CTM="1 0 0 1 31.7 93.60000000000002"><ofd:TextCode>q</ofd:TextCode></ofd:TextObject>
        <ofd:TextObject ID="7693" CTM="1 0 0 1 31.7 99.80000000000003"><ofd:TextCode>&lt; : : /&gt;</ofd:TextCode></ofd:TextObject>
        <ofd:TextObject ID="7694" CTM="1 0 0 1 31.7 106.00000000000003"><ofd:TextCode>xs attributename=&quot;CodePosition&quot;type=&quot;xs int&quot;use=&quot;required&quot;</ofd:TextCode></ofd:TextObject>
        <ofd:TextObject ID="7695" CTM="1 0 0 1 31.7 112.20000000000003"><ofd:TextCode>&lt; : : /&gt;</ofd:TextCode></ofd:TextObject>
        <ofd:TextObject ID="7696" CTM="1 0 0 1 31.7 118.40000000000003"><ofd:TextCode>xs attributename=&quot;CodeCount&quot;type=&quot;xs int&quot;default=&quot;1&quot;</ofd:TextCode></ofd:TextObject>
        <ofd:TextObject ID="7697" CTM="1 0 0 1 31.7 124.60000000000004"><ofd:TextCode>&lt; : : /&gt;</ofd:TextCode></ofd:TextObject>
        <ofd:TextObject ID="7698" CTM="1 0 0 1 31.7 130.80000000000004"><ofd:TextCode>xs attributename=&quot;GlyphCount&quot;type=&quot;xs int&quot;default=&quot;1&quot;</ofd:TextCode></ofd:TextObject>
        <ofd:TextObject ID="7699" CTM="1 0 0 1 31.7 137.00000000000003"><ofd:TextCode>&lt;/ : &gt;</ofd:TextCode></ofd:TextObject>
        <ofd:TextObject ID="7700" CTM="1 0 0 1 31.7 143.20000000000002"><ofd:TextCode>xs com lexT e</ofd:TextCode></ofd:TextObject>
        </ofd:Layer>
    </ofd:Content>
</ofd:Page>
