﻿<?xml version="1.0" encoding="UTF-8"?>
<ofd:Page xmlns:ofd="http://www.ofdspec.org/2016">
    <ofd:Area>
        <ofd:PhysicalBox>0 0 210 297</ofd:PhysicalBox>
    </ofd:Area>
    <ofd:Content>
        <ofd:Layer ID="Layer1">
        <ofd:TextObject ID="2561" CTM="1 0 0 1 31.7 25.4"><ofd:TextCode>&lt; : &gt; &lt;/ : &gt;</ofd:TextCode></ofd:TextObject>
        <ofd:TextObject ID="2562" CTM="1 0 0 1 31.7 31.599999999999998"><ofd:TextCode>ofdAbbreviatedDataM00L2000L200150L0150C ofdAbbreviatedData</ofd:TextCode></ofd:TextObject>
        <ofd:TextObject ID="2563" CTM="1 0 0 1 31.7 37.8"><ofd:TextCode>&lt;/ : &gt;</ofd:TextCode></ofd:TextObject>
        <ofd:TextObject ID="2564" CTM="1 0 0 1 31.7 44"><ofd:TextCode>ofdPathObject</ofd:TextCode></ofd:TextObject>
        <ofd:TextObject ID="2565" CTM="1 0 0 1 31.7 50.2"><ofd:TextCode>&lt; : &gt;</ofd:TextCode></ofd:TextObject>
        <ofd:TextObject ID="2566" CTM="1 0 0 1 31.7 56.400000000000006"><ofd:TextCode>ofdPathObjectID=&quot;10015&quot;Boundary=&quot;650250200150&quot;Fill=&quot;true&quot;</ofd:TextCode></ofd:TextObject>
        <ofd:TextObject ID="2567" CTM="1 0 0 1 31.7 62.60000000000001"><ofd:TextCode>&lt; : &gt;</ofd:TextCode></ofd:TextObject>
        <ofd:TextObject ID="2568" CTM="1 0 0 1 31.7 68.80000000000001"><ofd:TextCode>ofdFillColor</ofd:TextCode></ofd:TextObject>
        <ofd:TextObject ID="2569" CTM="1 0 0 1 31.7 75.00000000000001"><ofd:TextCode>&lt; :</ofd:TextCode></ofd:TextObject>
        <ofd:TextObject ID="2570" CTM="1 0 0 1 31.7 81.20000000000002"><ofd:TextCode>ofdRadialShdStartPoint=&quot;4070&quot;StartRadius=&quot;50&quot;EndPoint=&quot;14070&quot;EndRadius=&quot;10&quot;</ofd:TextCode></ofd:TextObject>
        <ofd:TextObject ID="2571" CTM="1 0 0 1 31.7 87.40000000000002"><ofd:TextCode>&gt;</ofd:TextCode></ofd:TextObject>
        <ofd:TextObject ID="2572" CTM="1 0 0 1 31.7 93.60000000000002"><ofd:TextCode>Extend=&quot;2&quot;</ofd:TextCode></ofd:TextObject>
        <ofd:TextObject ID="2573" CTM="1 0 0 1 31.7 99.80000000000003"><ofd:TextCode>&lt; : &gt;</ofd:TextCode></ofd:TextObject>
        <ofd:TextObject ID="2574" CTM="1 0 0 1 31.7 106.00000000000003"><ofd:TextCode>ofdSement</ofd:TextCode></ofd:TextObject>
        <ofd:TextObject ID="2575" CTM="1 0 0 1 31.7 112.20000000000003"><ofd:TextCode>g</ofd:TextCode></ofd:TextObject>
        <ofd:TextObject ID="2576" CTM="1 0 0 1 31.7 118.40000000000003"><ofd:TextCode>&lt; : /&gt;</ofd:TextCode></ofd:TextObject>
        <ofd:TextObject ID="2577" CTM="1 0 0 1 31.7 124.60000000000004"><ofd:TextCode>ofdColorValue=&quot;2552550&quot;</ofd:TextCode></ofd:TextObject>
        <ofd:TextObject ID="2578" CTM="1 0 0 1 31.7 130.80000000000004"><ofd:TextCode>&lt;/ : &gt;</ofd:TextCode></ofd:TextObject>
        <ofd:TextObject ID="2579" CTM="1 0 0 1 31.7 137.00000000000003"><ofd:TextCode>ofdSegment</ofd:TextCode></ofd:TextObject>
        <ofd:TextObject ID="2580" CTM="1 0 0 1 31.7 143.20000000000002"><ofd:TextCode>&lt; : &gt;</ofd:TextCode></ofd:TextObject>
        </ofd:Layer>
    </ofd:Content>
</ofd:Page>
