﻿<?xml version="1.0" encoding="UTF-8"?>
<ofd:Page xmlns:ofd="http://www.ofdspec.org/2016">
    <ofd:Area>
        <ofd:PhysicalBox>0 0 210 297</ofd:PhysicalBox>
    </ofd:Area>
    <ofd:Content>
        <ofd:Layer ID="Layer1">
        <ofd:TextObject ID="7421" CTM="1 0 0 1 31.7 25.4"><ofd:TextCode>&lt; : _ /&gt;</ofd:TextCode></ofd:TextObject>
        <ofd:TextObject ID="7422" CTM="1 0 0 1 31.7 31.599999999999998"><ofd:TextCode>xs attributename=&quot;DrawParam&quot;type=&quot;ST RefID&quot;</ofd:TextCode></ofd:TextObject>
        <ofd:TextObject ID="7423" CTM="1 0 0 1 31.7 37.8"><ofd:TextCode>&lt;/ : &gt;</ofd:TextCode></ofd:TextObject>
        <ofd:TextObject ID="7424" CTM="1 0 0 1 31.7 44"><ofd:TextCode>xs extension</ofd:TextCode></ofd:TextObject>
        <ofd:TextObject ID="7425" CTM="1 0 0 1 31.7 50.2"><ofd:TextCode>&lt;/ : &gt;</ofd:TextCode></ofd:TextObject>
        <ofd:TextObject ID="7426" CTM="1 0 0 1 31.7 56.400000000000006"><ofd:TextCode>xs com lexContent</ofd:TextCode></ofd:TextObject>
        <ofd:TextObject ID="7427" CTM="1 0 0 1 31.7 62.60000000000001"><ofd:TextCode>p</ofd:TextCode></ofd:TextObject>
        <ofd:TextObject ID="7428" CTM="1 0 0 1 31.7 68.80000000000001"><ofd:TextCode>&lt;/ : &gt;</ofd:TextCode></ofd:TextObject>
        <ofd:TextObject ID="7429" CTM="1 0 0 1 31.7 75.00000000000001"><ofd:TextCode>xs complexType</ofd:TextCode></ofd:TextObject>
        <ofd:TextObject ID="7430" CTM="1 0 0 1 31.7 81.20000000000002"><ofd:TextCode>&lt;! &gt;</ofd:TextCode></ofd:TextObject>
        <ofd:TextObject ID="7431" CTM="1 0 0 1 31.7 87.40000000000002"><ofd:TextCode>图 元 的 基 础 定 义</ofd:TextCode></ofd:TextObject>
        <ofd:TextObject ID="7432" CTM="1 0 0 1 31.7 93.60000000000002"><ofd:TextCode>-- --</ofd:TextCode></ofd:TextObject>
        <ofd:TextObject ID="7433" CTM="1 0 0 1 31.7 99.80000000000003"><ofd:TextCode>&lt; : _ &gt;</ofd:TextCode></ofd:TextObject>
        <ofd:TextObject ID="7434" CTM="1 0 0 1 31.7 106.00000000000003"><ofd:TextCode>xs com lexT ename=&quot;CT Gra hicUnit&quot;abstract=&quot;true&quot;</ofd:TextCode></ofd:TextObject>
        <ofd:TextObject ID="7435" CTM="1 0 0 1 31.7 112.20000000000003"><ofd:TextCode>p yp p</ofd:TextCode></ofd:TextObject>
        <ofd:TextObject ID="7436" CTM="1 0 0 1 31.7 118.40000000000003"><ofd:TextCode>&lt; : &gt;</ofd:TextCode></ofd:TextObject>
        <ofd:TextObject ID="7437" CTM="1 0 0 1 31.7 124.60000000000004"><ofd:TextCode>xs se uence</ofd:TextCode></ofd:TextObject>
        <ofd:TextObject ID="7438" CTM="1 0 0 1 31.7 130.80000000000004"><ofd:TextCode>q</ofd:TextCode></ofd:TextObject>
        <ofd:TextObject ID="7439" CTM="1 0 0 1 31.7 137.00000000000003"><ofd:TextCode>&lt; : &gt;</ofd:TextCode></ofd:TextObject>
        <ofd:TextObject ID="7440" CTM="1 0 0 1 31.7 143.20000000000002"><ofd:TextCode>xs elementname=&quot;Actions&quot;minOccurs=&quot;0&quot;</ofd:TextCode></ofd:TextObject>
        </ofd:Layer>
    </ofd:Content>
</ofd:Page>
