﻿<?xml version="1.0" encoding="UTF-8"?>
<ofd:Page xmlns:ofd="http://www.ofdspec.org/2016">
    <ofd:Area>
        <ofd:PhysicalBox>0 0 210 297</ofd:PhysicalBox>
    </ofd:Area>
    <ofd:Content>
        <ofd:Layer ID="Layer1">
        <ofd:TextObject ID="141" CTM="1 0 0 1 31.7 25.4"><ofd:TextCode>9.2 53</ofd:TextCode></ofd:TextObject>
        <ofd:TextObject ID="142" CTM="1 0 0 1 31.7 31.599999999999998"><ofd:TextCode>非 紧 缩 描 述…………………………………………………………………………………………</ofd:TextCode></ofd:TextObject>
        <ofd:TextObject ID="143" CTM="1 0 0 1 31.7 37.8"><ofd:TextCode>9.3 54</ofd:TextCode></ofd:TextObject>
        <ofd:TextObject ID="144" CTM="1 0 0 1 31.7 44"><ofd:TextCode>图 形 的 表 示 ……………………………………………………………………………</ofd:TextCode></ofd:TextObject>
        <ofd:TextObject ID="145" CTM="1 0 0 1 31.7 50.2"><ofd:TextCode>9.3.1 XML 54</ofd:TextCode></ofd:TextObject>
        <ofd:TextObject ID="146" CTM="1 0 0 1 31.7 56.400000000000006"><ofd:TextCode>移 动……………………………………………………………………………………………</ofd:TextCode></ofd:TextObject>
        <ofd:TextObject ID="147" CTM="1 0 0 1 31.7 62.60000000000001"><ofd:TextCode>9.3.2 55</ofd:TextCode></ofd:TextObject>
        <ofd:TextObject ID="148" CTM="1 0 0 1 31.7 68.80000000000001"><ofd:TextCode>线 段……………………………………………………………………………………………</ofd:TextCode></ofd:TextObject>
        <ofd:TextObject ID="149" CTM="1 0 0 1 31.7 75.00000000000001"><ofd:TextCode>9.3.3 55</ofd:TextCode></ofd:TextObject>
        <ofd:TextObject ID="150" CTM="1 0 0 1 31.7 81.20000000000002"><ofd:TextCode>贝 塞 尔 曲 线……………………………………………………………………………………</ofd:TextCode></ofd:TextObject>
        <ofd:TextObject ID="151" CTM="1 0 0 1 31.7 87.40000000000002"><ofd:TextCode>9.3.4 56</ofd:TextCode></ofd:TextObject>
        <ofd:TextObject ID="152" CTM="1 0 0 1 31.7 93.60000000000002"><ofd:TextCode>圆 弧……………………………………………………………………………………………</ofd:TextCode></ofd:TextObject>
        <ofd:TextObject ID="153" CTM="1 0 0 1 31.7 99.80000000000003"><ofd:TextCode>9.3.5 57</ofd:TextCode></ofd:TextObject>
        <ofd:TextObject ID="154" CTM="1 0 0 1 31.7 106.00000000000003"><ofd:TextCode>图 像 ……………………………………………………………………………………………………</ofd:TextCode></ofd:TextObject>
        <ofd:TextObject ID="155" CTM="1 0 0 1 31.7 112.20000000000003"><ofd:TextCode>10 59</ofd:TextCode></ofd:TextObject>
        <ofd:TextObject ID="156" CTM="1 0 0 1 31.7 118.40000000000003"><ofd:TextCode>文 字 ……………………………………………………………………………………………………</ofd:TextCode></ofd:TextObject>
        <ofd:TextObject ID="157" CTM="1 0 0 1 31.7 124.60000000000004"><ofd:TextCode>11 61</ofd:TextCode></ofd:TextObject>
        <ofd:TextObject ID="158" CTM="1 0 0 1 31.7 130.80000000000004"><ofd:TextCode>………………………………………………………………………………………………</ofd:TextCode></ofd:TextObject>
        <ofd:TextObject ID="159" CTM="1 0 0 1 31.7 137.00000000000003"><ofd:TextCode>字 型</ofd:TextCode></ofd:TextObject>
        <ofd:TextObject ID="160" CTM="1 0 0 1 31.7 143.20000000000002"><ofd:TextCode>11.1 61</ofd:TextCode></ofd:TextObject>
        </ofd:Layer>
    </ofd:Content>
</ofd:Page>
