﻿<?xml version="1.0" encoding="UTF-8"?>
<ofd:Page xmlns:ofd="http://www.ofdspec.org/2016">
    <ofd:Area>
        <ofd:PhysicalBox>0 0 210 297</ofd:PhysicalBox>
    </ofd:Area>
    <ofd:Content>
        <ofd:Layer ID="Layer1">
        <ofd:TextObject ID="221" CTM="1 0 0 1 31.7 25.4"><ofd:TextCode>…………………………………………………………………………………………</ofd:TextCode></ofd:TextObject>
        <ofd:TextObject ID="222" CTM="1 0 0 1 31.7 31.599999999999998"><ofd:TextCode>签 名 文 件</ofd:TextCode></ofd:TextObject>
        <ofd:TextObject ID="223" CTM="1 0 0 1 31.7 37.8"><ofd:TextCode>18.2 83</ofd:TextCode></ofd:TextObject>
        <ofd:TextObject ID="224" CTM="1 0 0 1 31.7 44"><ofd:TextCode>文 件 摘 要 ……………………………………………………………………………………</ofd:TextCode></ofd:TextObject>
        <ofd:TextObject ID="225" CTM="1 0 0 1 31.7 50.2"><ofd:TextCode>18.2.1 83</ofd:TextCode></ofd:TextObject>
        <ofd:TextObject ID="226" CTM="1 0 0 1 31.7 56.400000000000006"><ofd:TextCode>签 名 的 范 围 …………………………………………………………………………………</ofd:TextCode></ofd:TextObject>
        <ofd:TextObject ID="227" CTM="1 0 0 1 31.7 62.60000000000001"><ofd:TextCode>18.2.2 85</ofd:TextCode></ofd:TextObject>
        <ofd:TextObject ID="228" CTM="1 0 0 1 31.7 68.80000000000001"><ofd:TextCode>…………………………………………………………………………………</ofd:TextCode></ofd:TextObject>
        <ofd:TextObject ID="229" CTM="1 0 0 1 31.7 75.00000000000001"><ofd:TextCode>签 名 的 外 观</ofd:TextCode></ofd:TextObject>
        <ofd:TextObject ID="230" CTM="1 0 0 1 31.7 81.20000000000002"><ofd:TextCode>18.2.3 86</ofd:TextCode></ofd:TextObject>
        <ofd:TextObject ID="231" CTM="1 0 0 1 31.7 87.40000000000002"><ofd:TextCode>签 名 值 ………………………………………………………………………………………</ofd:TextCode></ofd:TextObject>
        <ofd:TextObject ID="232" CTM="1 0 0 1 31.7 93.60000000000002"><ofd:TextCode>18.2.4 86</ofd:TextCode></ofd:TextObject>
        <ofd:TextObject ID="233" CTM="1 0 0 1 31.7 99.80000000000003"><ofd:TextCode>版 本 ……………………………………………………………………………………………………</ofd:TextCode></ofd:TextObject>
        <ofd:TextObject ID="234" CTM="1 0 0 1 31.7 106.00000000000003"><ofd:TextCode>19 86</ofd:TextCode></ofd:TextObject>
        <ofd:TextObject ID="235" CTM="1 0 0 1 31.7 112.20000000000003"><ofd:TextCode>版 本 入 口 …………………………………………………………………………………………</ofd:TextCode></ofd:TextObject>
        <ofd:TextObject ID="236" CTM="1 0 0 1 31.7 118.40000000000003"><ofd:TextCode>19.1 86</ofd:TextCode></ofd:TextObject>
        <ofd:TextObject ID="237" CTM="1 0 0 1 31.7 124.60000000000004"><ofd:TextCode>版 本 ………………………………………………………………………………………………</ofd:TextCode></ofd:TextObject>
        <ofd:TextObject ID="238" CTM="1 0 0 1 31.7 130.80000000000004"><ofd:TextCode>19.2 87</ofd:TextCode></ofd:TextObject>
        <ofd:TextObject ID="239" CTM="1 0 0 1 31.7 137.00000000000003"><ofd:TextCode>附 件 ……………………………………………………………………………………………………</ofd:TextCode></ofd:TextObject>
        <ofd:TextObject ID="240" CTM="1 0 0 1 31.7 143.20000000000002"><ofd:TextCode>20 88</ofd:TextCode></ofd:TextObject>
        </ofd:Layer>
    </ofd:Content>
</ofd:Page>
