﻿<?xml version="1.0" encoding="UTF-8"?>
<ofd:Page xmlns:ofd="http://www.ofdspec.org/2016">
    <ofd:Area>
        <ofd:PhysicalBox>0 0 210 297</ofd:PhysicalBox>
    </ofd:Area>
    <ofd:Content>
        <ofd:Layer ID="Layer1">
        <ofd:TextObject ID="7381" CTM="1 0 0 1 31.7 25.4"><ofd:TextCode>xs complexContent</ofd:TextCode></ofd:TextObject>
        <ofd:TextObject ID="7382" CTM="1 0 0 1 31.7 31.599999999999998"><ofd:TextCode>&lt;/ : &gt;</ofd:TextCode></ofd:TextObject>
        <ofd:TextObject ID="7383" CTM="1 0 0 1 31.7 37.8"><ofd:TextCode>xs complexType</ofd:TextCode></ofd:TextObject>
        <ofd:TextObject ID="7384" CTM="1 0 0 1 31.7 44"><ofd:TextCode>&lt;/ : &gt;</ofd:TextCode></ofd:TextObject>
        <ofd:TextObject ID="7385" CTM="1 0 0 1 31.7 50.2"><ofd:TextCode>xs element</ofd:TextCode></ofd:TextObject>
        <ofd:TextObject ID="7386" CTM="1 0 0 1 31.7 56.400000000000006"><ofd:TextCode>&lt;/ : &gt;</ofd:TextCode></ofd:TextObject>
        <ofd:TextObject ID="7387" CTM="1 0 0 1 31.7 62.60000000000001"><ofd:TextCode>xs choice</ofd:TextCode></ofd:TextObject>
        <ofd:TextObject ID="7388" CTM="1 0 0 1 31.7 68.80000000000001"><ofd:TextCode>&lt;/ : &gt;</ofd:TextCode></ofd:TextObject>
        <ofd:TextObject ID="7389" CTM="1 0 0 1 31.7 75.00000000000001"><ofd:TextCode>xs complexType</ofd:TextCode></ofd:TextObject>
        <ofd:TextObject ID="7390" CTM="1 0 0 1 31.7 81.20000000000002"><ofd:TextCode>&lt; : _ &gt;</ofd:TextCode></ofd:TextObject>
        <ofd:TextObject ID="7391" CTM="1 0 0 1 31.7 87.40000000000002"><ofd:TextCode>xs complexTypename=&quot;CT Layer&quot;</ofd:TextCode></ofd:TextObject>
        <ofd:TextObject ID="7392" CTM="1 0 0 1 31.7 93.60000000000002"><ofd:TextCode>&lt; : &gt;</ofd:TextCode></ofd:TextObject>
        <ofd:TextObject ID="7393" CTM="1 0 0 1 31.7 99.80000000000003"><ofd:TextCode>xs com lexContent</ofd:TextCode></ofd:TextObject>
        <ofd:TextObject ID="7394" CTM="1 0 0 1 31.7 106.00000000000003"><ofd:TextCode>p</ofd:TextCode></ofd:TextObject>
        <ofd:TextObject ID="7395" CTM="1 0 0 1 31.7 112.20000000000003"><ofd:TextCode>&lt; : _ &gt;</ofd:TextCode></ofd:TextObject>
        <ofd:TextObject ID="7396" CTM="1 0 0 1 31.7 118.40000000000003"><ofd:TextCode>xs extensionbase=&quot;CT PageBlock&quot;</ofd:TextCode></ofd:TextObject>
        <ofd:TextObject ID="7397" CTM="1 0 0 1 31.7 124.60000000000004"><ofd:TextCode>&lt; : &gt;</ofd:TextCode></ofd:TextObject>
        <ofd:TextObject ID="7398" CTM="1 0 0 1 31.7 130.80000000000004"><ofd:TextCode>xs attributename=&quot;Type&quot;default=&quot;Body&quot;</ofd:TextCode></ofd:TextObject>
        <ofd:TextObject ID="7399" CTM="1 0 0 1 31.7 137.00000000000003"><ofd:TextCode>&lt; : &gt;</ofd:TextCode></ofd:TextObject>
        <ofd:TextObject ID="7400" CTM="1 0 0 1 31.7 143.20000000000002"><ofd:TextCode>xs sim leT e</ofd:TextCode></ofd:TextObject>
        </ofd:Layer>
    </ofd:Content>
</ofd:Page>
