﻿<?xml version="1.0" encoding="UTF-8"?>
<ofd:Page xmlns:ofd="http://www.ofdspec.org/2016">
    <ofd:Area>
        <ofd:PhysicalBox>0 0 210 297</ofd:PhysicalBox>
    </ofd:Area>
    <ofd:Content>
        <ofd:Layer ID="Layer1">
        <ofd:TextObject ID="7901" CTM="1 0 0 1 31.7 25.4"><ofd:TextCode>&lt; : /&gt;</ofd:TextCode></ofd:TextObject>
        <ofd:TextObject ID="7902" CTM="1 0 0 1 31.7 31.599999999999998"><ofd:TextCode>xs enumerationvalue=&quot;RowAndColumn&quot;</ofd:TextCode></ofd:TextObject>
        <ofd:TextObject ID="7903" CTM="1 0 0 1 31.7 37.8"><ofd:TextCode>&lt;/ : &gt;</ofd:TextCode></ofd:TextObject>
        <ofd:TextObject ID="7904" CTM="1 0 0 1 31.7 44"><ofd:TextCode>xs restriction</ofd:TextCode></ofd:TextObject>
        <ofd:TextObject ID="7905" CTM="1 0 0 1 31.7 50.2"><ofd:TextCode>&lt;/ : &gt;</ofd:TextCode></ofd:TextObject>
        <ofd:TextObject ID="7906" CTM="1 0 0 1 31.7 56.400000000000006"><ofd:TextCode>xs sim leT e</ofd:TextCode></ofd:TextObject>
        <ofd:TextObject ID="7907" CTM="1 0 0 1 31.7 62.60000000000001"><ofd:TextCode>p yp</ofd:TextCode></ofd:TextObject>
        <ofd:TextObject ID="7908" CTM="1 0 0 1 31.7 68.80000000000001"><ofd:TextCode>&lt;/ : &gt;</ofd:TextCode></ofd:TextObject>
        <ofd:TextObject ID="7909" CTM="1 0 0 1 31.7 75.00000000000001"><ofd:TextCode>xs attribute</ofd:TextCode></ofd:TextObject>
        <ofd:TextObject ID="7910" CTM="1 0 0 1 31.7 81.20000000000002"><ofd:TextCode>&lt; : &gt;</ofd:TextCode></ofd:TextObject>
        <ofd:TextObject ID="7911" CTM="1 0 0 1 31.7 87.40000000000002"><ofd:TextCode>xs attributename=&quot;RelativeTo&quot;default=&quot;Object&quot;</ofd:TextCode></ofd:TextObject>
        <ofd:TextObject ID="7912" CTM="1 0 0 1 31.7 93.60000000000002"><ofd:TextCode>&lt; : &gt;</ofd:TextCode></ofd:TextObject>
        <ofd:TextObject ID="7913" CTM="1 0 0 1 31.7 99.80000000000003"><ofd:TextCode>xs sim leT e</ofd:TextCode></ofd:TextObject>
        <ofd:TextObject ID="7914" CTM="1 0 0 1 31.7 106.00000000000003"><ofd:TextCode>p yp</ofd:TextCode></ofd:TextObject>
        <ofd:TextObject ID="7915" CTM="1 0 0 1 31.7 112.20000000000003"><ofd:TextCode>&lt; : : &gt;</ofd:TextCode></ofd:TextObject>
        <ofd:TextObject ID="7916" CTM="1 0 0 1 31.7 118.40000000000003"><ofd:TextCode>xs restrictionbase=&quot;xs strin &quot;</ofd:TextCode></ofd:TextObject>
        <ofd:TextObject ID="7917" CTM="1 0 0 1 31.7 124.60000000000004"><ofd:TextCode>g</ofd:TextCode></ofd:TextObject>
        <ofd:TextObject ID="7918" CTM="1 0 0 1 31.7 130.80000000000004"><ofd:TextCode>&lt; : /&gt;</ofd:TextCode></ofd:TextObject>
        <ofd:TextObject ID="7919" CTM="1 0 0 1 31.7 137.00000000000003"><ofd:TextCode>xs enumerationvalue=&quot;Page&quot;</ofd:TextCode></ofd:TextObject>
        <ofd:TextObject ID="7920" CTM="1 0 0 1 31.7 143.20000000000002"><ofd:TextCode>&lt; : /&gt;</ofd:TextCode></ofd:TextObject>
        </ofd:Layer>
    </ofd:Content>
</ofd:Page>
