﻿<?xml version="1.0" encoding="UTF-8"?>
<ofd:Page xmlns:ofd="http://www.ofdspec.org/2016">
    <ofd:Area>
        <ofd:PhysicalBox>0 0 210 297</ofd:PhysicalBox>
    </ofd:Area>
    <ofd:Content>
        <ofd:Layer ID="Layer1">
        <ofd:TextObject ID="5081" CTM="1 0 0 1 31.7 25.4"><ofd:TextCode>&lt; : &gt;</ofd:TextCode></ofd:TextObject>
        <ofd:TextObject ID="5082" CTM="1 0 0 1 31.7 31.599999999999998"><ofd:TextCode>xs sequence</ofd:TextCode></ofd:TextObject>
        <ofd:TextObject ID="5083" CTM="1 0 0 1 31.7 37.8"><ofd:TextCode>&lt; : _</ofd:TextCode></ofd:TextObject>
        <ofd:TextObject ID="5084" CTM="1 0 0 1 31.7 44"><ofd:TextCode>xs elementname=&quot;Bookmark&quot;t e=&quot;CT Bookmark&quot;</ofd:TextCode></ofd:TextObject>
        <ofd:TextObject ID="5085" CTM="1 0 0 1 31.7 50.2"><ofd:TextCode>yp</ofd:TextCode></ofd:TextObject>
        <ofd:TextObject ID="5086" CTM="1 0 0 1 31.7 56.400000000000006"><ofd:TextCode>/&gt;</ofd:TextCode></ofd:TextObject>
        <ofd:TextObject ID="5087" CTM="1 0 0 1 31.7 62.60000000000001"><ofd:TextCode>maxOccurs=&quot;unbounded&quot;</ofd:TextCode></ofd:TextObject>
        <ofd:TextObject ID="5088" CTM="1 0 0 1 31.7 68.80000000000001"><ofd:TextCode>&lt;/ : &gt;</ofd:TextCode></ofd:TextObject>
        <ofd:TextObject ID="5089" CTM="1 0 0 1 31.7 75.00000000000001"><ofd:TextCode>xs sequence</ofd:TextCode></ofd:TextObject>
        <ofd:TextObject ID="5090" CTM="1 0 0 1 31.7 81.20000000000002"><ofd:TextCode>&lt;/ : &gt;</ofd:TextCode></ofd:TextObject>
        <ofd:TextObject ID="5091" CTM="1 0 0 1 31.7 87.40000000000002"><ofd:TextCode>xs complexType</ofd:TextCode></ofd:TextObject>
        <ofd:TextObject ID="5092" CTM="1 0 0 1 31.7 93.60000000000002"><ofd:TextCode>&lt;/ : &gt;</ofd:TextCode></ofd:TextObject>
        <ofd:TextObject ID="5093" CTM="1 0 0 1 31.7 99.80000000000003"><ofd:TextCode>xs element</ofd:TextCode></ofd:TextObject>
        <ofd:TextObject ID="5094" CTM="1 0 0 1 31.7 106.00000000000003"><ofd:TextCode>&lt; : _ /&gt;</ofd:TextCode></ofd:TextObject>
        <ofd:TextObject ID="5095" CTM="1 0 0 1 31.7 112.20000000000003"><ofd:TextCode>xs elementname=&quot;Annotations&quot;type=&quot;ST Loc&quot;minOccurs=&quot;0&quot;</ofd:TextCode></ofd:TextObject>
        <ofd:TextObject ID="5096" CTM="1 0 0 1 31.7 118.40000000000003"><ofd:TextCode>&lt; : _ /&gt;</ofd:TextCode></ofd:TextObject>
        <ofd:TextObject ID="5097" CTM="1 0 0 1 31.7 124.60000000000004"><ofd:TextCode>xs elementname=&quot;CustomTags&quot;type=&quot;ST Loc&quot;minOccurs=&quot;0&quot;</ofd:TextCode></ofd:TextObject>
        <ofd:TextObject ID="5098" CTM="1 0 0 1 31.7 130.80000000000004"><ofd:TextCode>&lt; : _ /&gt;</ofd:TextCode></ofd:TextObject>
        <ofd:TextObject ID="5099" CTM="1 0 0 1 31.7 137.00000000000003"><ofd:TextCode>xs elementname=&quot;Attachments&quot;t e=&quot;ST Loc&quot;minOccurs=&quot;0&quot;</ofd:TextCode></ofd:TextObject>
        <ofd:TextObject ID="5100" CTM="1 0 0 1 31.7 143.20000000000002"><ofd:TextCode>yp</ofd:TextCode></ofd:TextObject>
        </ofd:Layer>
    </ofd:Content>
</ofd:Page>
