﻿<?xml version="1.0" encoding="UTF-8"?>
<ofd:Page xmlns:ofd="http://www.ofdspec.org/2016">
    <ofd:Area>
        <ofd:PhysicalBox>0 0 210 297</ofd:PhysicalBox>
    </ofd:Area>
    <ofd:Content>
        <ofd:Layer ID="Layer1">
        <ofd:TextObject ID="1441" CTM="1 0 0 1 31.7 25.4"><ofd:TextCode>p</ofd:TextCode></ofd:TextObject>
        <ofd:TextObject ID="1442" CTM="1 0 0 1 31.7 31.599999999999998"><ofd:TextCode>_ 颜 色 空 间 描 述,在 基 础 类 型 上 扩 展 定 义 属 性,类 型 为 _ 必 选</ofd:TextCode></ofd:TextObject>
        <ofd:TextObject ID="1443" CTM="1 0 0 1 31.7 37.8"><ofd:TextCode>ColorSace CTColorSace ID STID</ofd:TextCode></ofd:TextObject>
        <ofd:TextObject ID="1444" CTM="1 0 0 1 31.7 44"><ofd:TextCode>p p</ofd:TextCode></ofd:TextObject>
        <ofd:TextObject ID="1445" CTM="1 0 0 1 31.7 50.2"><ofd:TextCode>23</ofd:TextCode></ofd:TextObject>
        <ofd:TextObject ID="1446" CTM="1 0 0 1 31.7 56.400000000000006"><ofd:TextCode>
</ofd:TextCode></ofd:TextObject>
        <ofd:TextObject ID="1447" CTM="1 0 0 1 31.7 60.800000000000004"><ofd:TextCode>
=== 第 29 页 ===
</ofd:TextCode></ofd:TextObject>
        <ofd:TextObject ID="1448" CTM="1 0 0 1 31.7 66.80000000000001"><ofd:TextCode>/ —</ofd:TextCode></ofd:TextObject>
        <ofd:TextObject ID="1449" CTM="1 0 0 1 31.7 73.00000000000001"><ofd:TextCode>GB T 33190 2016</ofd:TextCode></ofd:TextObject>
        <ofd:TextObject ID="1450" CTM="1 0 0 1 31.7 79.20000000000002"><ofd:TextCode>表 (续)</ofd:TextCode></ofd:TextObject>
        <ofd:TextObject ID="1451" CTM="1 0 0 1 31.7 85.40000000000002"><ofd:TextCode>18</ofd:TextCode></ofd:TextObject>
        <ofd:TextObject ID="1452" CTM="1 0 0 1 31.7 91.60000000000002"><ofd:TextCode>名 称 类 型 说 明 备 注</ofd:TextCode></ofd:TextObject>
        <ofd:TextObject ID="1453" CTM="1 0 0 1 31.7 97.80000000000003"><ofd:TextCode>包 含 了 一 组 绘 制 参 数 的 描 述 可 选</ofd:TextCode></ofd:TextObject>
        <ofd:TextObject ID="1454" CTM="1 0 0 1 31.7 104.00000000000003"><ofd:TextCode>DrawParams</ofd:TextCode></ofd:TextObject>
        <ofd:TextObject ID="1455" CTM="1 0 0 1 31.7 110.20000000000003"><ofd:TextCode>_ 绘 制 参 数 描 述,在 基 础 类 型 上 扩 展 定 义 属 性,类 型 为 _ 必 选</ofd:TextCode></ofd:TextObject>
        <ofd:TextObject ID="1456" CTM="1 0 0 1 31.7 116.40000000000003"><ofd:TextCode>DrawParam CTDrawParam ID STID</ofd:TextCode></ofd:TextObject>
        <ofd:TextObject ID="1457" CTM="1 0 0 1 31.7 122.60000000000004"><ofd:TextCode>包 含 了 一 组 文 档 所 用 字 型 的 描 述 可 选</ofd:TextCode></ofd:TextObject>
        <ofd:TextObject ID="1458" CTM="1 0 0 1 31.7 128.80000000000004"><ofd:TextCode>Fonts</ofd:TextCode></ofd:TextObject>
        <ofd:TextObject ID="1459" CTM="1 0 0 1 31.7 135.00000000000003"><ofd:TextCode>_ 字 型 资 源 描 述,在 基 础 类 型 上 扩 展 定 义 属 性,类 型 为 _ 必 选</ofd:TextCode></ofd:TextObject>
        <ofd:TextObject ID="1460" CTM="1 0 0 1 31.7 141.20000000000002"><ofd:TextCode>Font CTFont ID STID</ofd:TextCode></ofd:TextObject>
        </ofd:Layer>
    </ofd:Content>
</ofd:Page>
