﻿<?xml version="1.0" encoding="UTF-8"?>
<ofd:Page xmlns:ofd="http://www.ofdspec.org/2016">
    <ofd:Area>
        <ofd:PhysicalBox>0 0 210 297</ofd:PhysicalBox>
    </ofd:Area>
    <ofd:Content>
        <ofd:Layer ID="Layer1">
        <ofd:TextObject ID="7621" CTM="1 0 0 1 31.7 25.4"><ofd:TextCode>xs attributename=&quot;Size&quot;type=&quot;xs double&quot;use=&quot;required&quot;</ofd:TextCode></ofd:TextObject>
        <ofd:TextObject ID="7622" CTM="1 0 0 1 31.7 31.599999999999998"><ofd:TextCode>&lt; : : /&gt;</ofd:TextCode></ofd:TextObject>
        <ofd:TextObject ID="7623" CTM="1 0 0 1 31.7 37.8"><ofd:TextCode>xs attributename=&quot;Stroke&quot;t e=&quot;xs boolean&quot;default=&quot;false&quot;</ofd:TextCode></ofd:TextObject>
        <ofd:TextObject ID="7624" CTM="1 0 0 1 31.7 44"><ofd:TextCode>yp</ofd:TextCode></ofd:TextObject>
        <ofd:TextObject ID="7625" CTM="1 0 0 1 31.7 50.2"><ofd:TextCode>&lt; : : /&gt;</ofd:TextCode></ofd:TextObject>
        <ofd:TextObject ID="7626" CTM="1 0 0 1 31.7 56.400000000000006"><ofd:TextCode>xs attributename=&quot;Fill&quot;t e=&quot;xs boolean&quot;default=&quot;true&quot;</ofd:TextCode></ofd:TextObject>
        <ofd:TextObject ID="7627" CTM="1 0 0 1 31.7 62.60000000000001"><ofd:TextCode>yp</ofd:TextCode></ofd:TextObject>
        <ofd:TextObject ID="7628" CTM="1 0 0 1 31.7 68.80000000000001"><ofd:TextCode>&lt; : : /&gt;</ofd:TextCode></ofd:TextObject>
        <ofd:TextObject ID="7629" CTM="1 0 0 1 31.7 75.00000000000001"><ofd:TextCode>xs attributename=&quot;HScale&quot;type=&quot;xs double&quot;default=&quot;1.0&quot;</ofd:TextCode></ofd:TextObject>
        <ofd:TextObject ID="7630" CTM="1 0 0 1 31.7 81.20000000000002"><ofd:TextCode>&lt; : : /&gt;</ofd:TextCode></ofd:TextObject>
        <ofd:TextObject ID="7631" CTM="1 0 0 1 31.7 87.40000000000002"><ofd:TextCode>xs attributename=&quot;ReadDirection&quot;type=&quot;xs int&quot;default=&quot;0&quot;</ofd:TextCode></ofd:TextObject>
        <ofd:TextObject ID="7632" CTM="1 0 0 1 31.7 93.60000000000002"><ofd:TextCode>&lt; : : /&gt;</ofd:TextCode></ofd:TextObject>
        <ofd:TextObject ID="7633" CTM="1 0 0 1 31.7 99.80000000000003"><ofd:TextCode>xs attributename=&quot;CharDirection&quot;t e=&quot;xs int&quot;default=&quot;0&quot;</ofd:TextCode></ofd:TextObject>
        <ofd:TextObject ID="7634" CTM="1 0 0 1 31.7 106.00000000000003"><ofd:TextCode>yp</ofd:TextCode></ofd:TextObject>
        <ofd:TextObject ID="7635" CTM="1 0 0 1 31.7 112.20000000000003"><ofd:TextCode>&lt; : &gt;</ofd:TextCode></ofd:TextObject>
        <ofd:TextObject ID="7636" CTM="1 0 0 1 31.7 118.40000000000003"><ofd:TextCode>xs attributename=&quot;Weight&quot;default=&quot;400&quot;</ofd:TextCode></ofd:TextObject>
        <ofd:TextObject ID="7637" CTM="1 0 0 1 31.7 124.60000000000004"><ofd:TextCode>&lt; : &gt;</ofd:TextCode></ofd:TextObject>
        <ofd:TextObject ID="7638" CTM="1 0 0 1 31.7 130.80000000000004"><ofd:TextCode>xs simpleType</ofd:TextCode></ofd:TextObject>
        <ofd:TextObject ID="7639" CTM="1 0 0 1 31.7 137.00000000000003"><ofd:TextCode>&lt; : : &gt;</ofd:TextCode></ofd:TextObject>
        <ofd:TextObject ID="7640" CTM="1 0 0 1 31.7 143.20000000000002"><ofd:TextCode>xs restrictionbase=&quot;xs int&quot;</ofd:TextCode></ofd:TextObject>
        </ofd:Layer>
    </ofd:Content>
</ofd:Page>
