﻿<?xml version="1.0" encoding="UTF-8"?>
<ofd:Page xmlns:ofd="http://www.ofdspec.org/2016">
    <ofd:Area>
        <ofd:PhysicalBox>0 0 210 297</ofd:PhysicalBox>
    </ofd:Area>
    <ofd:Content>
        <ofd:Layer ID="Layer1">
        <ofd:TextObject ID="1501" CTM="1 0 0 1 31.7 25.4"><ofd:TextCode>: 。 、 、</ofd:TextCode></ofd:TextObject>
        <ofd:TextObject ID="1502" CTM="1 0 0 1 31.7 31.599999999999998"><ofd:TextCode>多 媒 体 类 型 支 持 位 图 图 像 视 频 音 频 三 种 多 媒 体 类 型 必 选</ofd:TextCode></ofd:TextObject>
        <ofd:TextObject ID="1503" CTM="1 0 0 1 31.7 37.8"><ofd:TextCode>Type xsstring</ofd:TextCode></ofd:TextObject>
        <ofd:TextObject ID="1504" CTM="1 0 0 1 31.7 44"><ofd:TextCode>资 源 的 格 式。 支 持 、 、 、 及 等 格 式,其 中</ofd:TextCode></ofd:TextObject>
        <ofd:TextObject ID="1505" CTM="1 0 0 1 31.7 50.2"><ofd:TextCode>BMPJPEGPNGTIFF AVS</ofd:TextCode></ofd:TextObject>
        <ofd:TextObject ID="1506" CTM="1 0 0 1 31.7 56.400000000000006"><ofd:TextCode>:</ofd:TextCode></ofd:TextObject>
        <ofd:TextObject ID="1507" CTM="1 0 0 1 31.7 62.60000000000001"><ofd:TextCode>可 选</ofd:TextCode></ofd:TextObject>
        <ofd:TextObject ID="1508" CTM="1 0 0 1 31.7 68.80000000000001"><ofd:TextCode>Format xsstring</ofd:TextCode></ofd:TextObject>
        <ofd:TextObject ID="1509" CTM="1 0 0 1 31.7 75.00000000000001"><ofd:TextCode>格 式 不 支 持 多 页</ofd:TextCode></ofd:TextObject>
        <ofd:TextObject ID="1510" CTM="1 0 0 1 31.7 81.20000000000002"><ofd:TextCode>TIFF</ofd:TextCode></ofd:TextObject>
        <ofd:TextObject ID="1511" CTM="1 0 0 1 31.7 87.40000000000002"><ofd:TextCode>_ 指 向 包 内 的 多 媒 体 文 件 的 位 置 必 选</ofd:TextCode></ofd:TextObject>
        <ofd:TextObject ID="1512" CTM="1 0 0 1 31.7 93.60000000000002"><ofd:TextCode>MediaFile STLoc OFD</ofd:TextCode></ofd:TextObject>
        <ofd:TextObject ID="1513" CTM="1 0 0 1 31.7 99.80000000000003"><ofd:TextCode>24</ofd:TextCode></ofd:TextObject>
        <ofd:TextObject ID="1514" CTM="1 0 0 1 31.7 106.00000000000003"><ofd:TextCode>
</ofd:TextCode></ofd:TextObject>
        <ofd:TextObject ID="1515" CTM="1 0 0 1 31.7 110.40000000000003"><ofd:TextCode>
=== 第 30 页 ===
</ofd:TextCode></ofd:TextObject>
        <ofd:TextObject ID="1516" CTM="1 0 0 1 31.7 116.40000000000003"><ofd:TextCode>/ —</ofd:TextCode></ofd:TextObject>
        <ofd:TextObject ID="1517" CTM="1 0 0 1 31.7 122.60000000000004"><ofd:TextCode>GB T 33190 2016</ofd:TextCode></ofd:TextObject>
        <ofd:TextObject ID="1518" CTM="1 0 0 1 31.7 128.80000000000004"><ofd:TextCode>页 面 描 述</ofd:TextCode></ofd:TextObject>
        <ofd:TextObject ID="1519" CTM="1 0 0 1 31.7 135.00000000000003"><ofd:TextCode>8</ofd:TextCode></ofd:TextObject>
        <ofd:TextObject ID="1520" CTM="1 0 0 1 31.7 141.20000000000002"><ofd:TextCode>坐 标 系 统</ofd:TextCode></ofd:TextObject>
        </ofd:Layer>
    </ofd:Content>
</ofd:Page>
