﻿<?xml version="1.0" encoding="UTF-8"?>
<ofd:Page xmlns:ofd="http://www.ofdspec.org/2016">
    <ofd:Area>
        <ofd:PhysicalBox>0 0 210 297</ofd:PhysicalBox>
    </ofd:Area>
    <ofd:Content>
        <ofd:Layer ID="Layer1">
        <ofd:TextObject ID="4181" CTM="1 0 0 1 31.7 25.4"><ofd:TextCode>对 象 的 信 息 是 否 随 页 面 一 起 打 印</ofd:TextCode></ofd:TextObject>
        <ofd:TextObject ID="4182" CTM="1 0 0 1 31.7 31.599999999999998"><ofd:TextCode>Remark</ofd:TextCode></ofd:TextObject>
        <ofd:TextObject ID="4183" CTM="1 0 0 1 31.7 37.8"><ofd:TextCode>: 可 选</ofd:TextCode></ofd:TextObject>
        <ofd:TextObject ID="4184" CTM="1 0 0 1 31.7 44"><ofd:TextCode>Print xsboolean</ofd:TextCode></ofd:TextObject>
        <ofd:TextObject ID="4185" CTM="1 0 0 1 31.7 50.2"><ofd:TextCode>默 认 值 为</ofd:TextCode></ofd:TextObject>
        <ofd:TextObject ID="4186" CTM="1 0 0 1 31.7 56.400000000000006"><ofd:TextCode>true</ofd:TextCode></ofd:TextObject>
        <ofd:TextObject ID="4187" CTM="1 0 0 1 31.7 62.60000000000001"><ofd:TextCode>对 象 的 信 息 是 否 不 随 页 面 缩 放 而 同 步 缩 放</ofd:TextCode></ofd:TextObject>
        <ofd:TextObject ID="4188" CTM="1 0 0 1 31.7 68.80000000000001"><ofd:TextCode>Remark</ofd:TextCode></ofd:TextObject>
        <ofd:TextObject ID="4189" CTM="1 0 0 1 31.7 75.00000000000001"><ofd:TextCode>: 可 选</ofd:TextCode></ofd:TextObject>
        <ofd:TextObject ID="4190" CTM="1 0 0 1 31.7 81.20000000000002"><ofd:TextCode>NoZoom xsboolean</ofd:TextCode></ofd:TextObject>
        <ofd:TextObject ID="4191" CTM="1 0 0 1 31.7 87.40000000000002"><ofd:TextCode>默 认 值 为</ofd:TextCode></ofd:TextObject>
        <ofd:TextObject ID="4192" CTM="1 0 0 1 31.7 93.60000000000002"><ofd:TextCode>false</ofd:TextCode></ofd:TextObject>
        <ofd:TextObject ID="4193" CTM="1 0 0 1 31.7 99.80000000000003"><ofd:TextCode>对 象 的 信 息 是 否 不 随 页 面 旋 转 而 同 步 旋 转</ofd:TextCode></ofd:TextObject>
        <ofd:TextObject ID="4194" CTM="1 0 0 1 31.7 106.00000000000003"><ofd:TextCode>Remark</ofd:TextCode></ofd:TextObject>
        <ofd:TextObject ID="4195" CTM="1 0 0 1 31.7 112.20000000000003"><ofd:TextCode>: 可 选</ofd:TextCode></ofd:TextObject>
        <ofd:TextObject ID="4196" CTM="1 0 0 1 31.7 118.40000000000003"><ofd:TextCode>NoRotate xsboolean</ofd:TextCode></ofd:TextObject>
        <ofd:TextObject ID="4197" CTM="1 0 0 1 31.7 124.60000000000004"><ofd:TextCode>默 认 值 为</ofd:TextCode></ofd:TextObject>
        <ofd:TextObject ID="4198" CTM="1 0 0 1 31.7 130.80000000000004"><ofd:TextCode>false</ofd:TextCode></ofd:TextObject>
        <ofd:TextObject ID="4199" CTM="1 0 0 1 31.7 137.00000000000003"><ofd:TextCode>对 象 的 信 息 是 否 不 能 被 用 户 更 改</ofd:TextCode></ofd:TextObject>
        <ofd:TextObject ID="4200" CTM="1 0 0 1 31.7 143.20000000000002"><ofd:TextCode>Remark</ofd:TextCode></ofd:TextObject>
        </ofd:Layer>
    </ofd:Content>
</ofd:Page>
