﻿<?xml version="1.0" encoding="UTF-8"?>
<ofd:Page xmlns:ofd="http://www.ofdspec.org/2016">
    <ofd:Area>
        <ofd:PhysicalBox>0 0 210 297</ofd:PhysicalBox>
    </ofd:Area>
    <ofd:Content>
        <ofd:Layer ID="Layer1">
        <ofd:TextObject ID="2341" CTM="1 0 0 1 31.7 25.4"><ofd:TextCode>StartPoint STPos</ofd:TextCode></ofd:TextObject>
        <ofd:TextObject ID="2342" CTM="1 0 0 1 31.7 31.599999999999998"><ofd:TextCode>_</ofd:TextCode></ofd:TextObject>
        <ofd:TextObject ID="2343" CTM="1 0 0 1 31.7 37.8"><ofd:TextCode>结 束 椭 圆 的 的 中 心 点 必 选</ofd:TextCode></ofd:TextObject>
        <ofd:TextObject ID="2344" CTM="1 0 0 1 31.7 44"><ofd:TextCode>EndPoint STPos</ofd:TextCode></ofd:TextObject>
        <ofd:TextObject ID="2345" CTM="1 0 0 1 31.7 50.2"><ofd:TextCode>起 始 椭 圆 的 长 半 轴</ofd:TextCode></ofd:TextObject>
        <ofd:TextObject ID="2346" CTM="1 0 0 1 31.7 56.400000000000006"><ofd:TextCode>: 可 选</ofd:TextCode></ofd:TextObject>
        <ofd:TextObject ID="2347" CTM="1 0 0 1 31.7 62.60000000000001"><ofd:TextCode>StartRadius xsdouble</ofd:TextCode></ofd:TextObject>
        <ofd:TextObject ID="2348" CTM="1 0 0 1 31.7 68.80000000000001"><ofd:TextCode>默 认 值 为</ofd:TextCode></ofd:TextObject>
        <ofd:TextObject ID="2349" CTM="1 0 0 1 31.7 75.00000000000001"><ofd:TextCode>0</ofd:TextCode></ofd:TextObject>
        <ofd:TextObject ID="2350" CTM="1 0 0 1 31.7 81.20000000000002"><ofd:TextCode>: 结 束 椭 圆 的 长 半 轴 必 选</ofd:TextCode></ofd:TextObject>
        <ofd:TextObject ID="2351" CTM="1 0 0 1 31.7 87.40000000000002"><ofd:TextCode>EndRadius xsdouble</ofd:TextCode></ofd:TextObject>
        <ofd:TextObject ID="2352" CTM="1 0 0 1 31.7 93.60000000000002"><ofd:TextCode>。 、、、</ofd:TextCode></ofd:TextObject>
        <ofd:TextObject ID="2353" CTM="1 0 0 1 31.7 99.80000000000003"><ofd:TextCode>径 向 延 长 线 方 向 是 否 继 续 绘 制 渐 变 可 选 值 为</ofd:TextCode></ofd:TextObject>
        <ofd:TextObject ID="2354" CTM="1 0 0 1 31.7 106.00000000000003"><ofd:TextCode>0123</ofd:TextCode></ofd:TextObject>
        <ofd:TextObject ID="2355" CTM="1 0 0 1 31.7 112.20000000000003"><ofd:TextCode>:不 向 圆 心 联 线 两 侧 继 续 绘 制 渐 变</ofd:TextCode></ofd:TextObject>
        <ofd:TextObject ID="2356" CTM="1 0 0 1 31.7 118.40000000000003"><ofd:TextCode>0</ofd:TextCode></ofd:TextObject>
        <ofd:TextObject ID="2357" CTM="1 0 0 1 31.7 124.60000000000004"><ofd:TextCode>:在 结 束 点 椭 圆 至 起 始 点 椭 圆 延 长 线 方 向 绘 制 渐 变</ofd:TextCode></ofd:TextObject>
        <ofd:TextObject ID="2358" CTM="1 0 0 1 31.7 130.80000000000004"><ofd:TextCode>1</ofd:TextCode></ofd:TextObject>
        <ofd:TextObject ID="2359" CTM="1 0 0 1 31.7 137.00000000000003"><ofd:TextCode>: 可 选</ofd:TextCode></ofd:TextObject>
        <ofd:TextObject ID="2360" CTM="1 0 0 1 31.7 143.20000000000002"><ofd:TextCode>Extend xsint</ofd:TextCode></ofd:TextObject>
        </ofd:Layer>
    </ofd:Content>
</ofd:Page>
