﻿<?xml version="1.0" encoding="UTF-8"?>
<ofd:Page xmlns:ofd="http://www.ofdspec.org/2016">
    <ofd:Area>
        <ofd:PhysicalBox>0 0 210 297</ofd:PhysicalBox>
    </ofd:Area>
    <ofd:Content>
        <ofd:Layer ID="Layer1">
        <ofd:TextObject ID="5221" CTM="1 0 0 1 31.7 25.4"><ofd:TextCode>&lt; : &gt;</ofd:TextCode></ofd:TextObject>
        <ofd:TextObject ID="5222" CTM="1 0 0 1 31.7 31.599999999999998"><ofd:TextCode>xs simpleType</ofd:TextCode></ofd:TextObject>
        <ofd:TextObject ID="5223" CTM="1 0 0 1 31.7 37.8"><ofd:TextCode>&lt; : : &gt;</ofd:TextCode></ofd:TextObject>
        <ofd:TextObject ID="5224" CTM="1 0 0 1 31.7 44"><ofd:TextCode>xs restrictionbase=&quot;xs string&quot;</ofd:TextCode></ofd:TextObject>
        <ofd:TextObject ID="5225" CTM="1 0 0 1 31.7 50.2"><ofd:TextCode>&lt; : /&gt;</ofd:TextCode></ofd:TextObject>
        <ofd:TextObject ID="5226" CTM="1 0 0 1 31.7 56.400000000000006"><ofd:TextCode>xs enumerationvalue=&quot;OnePa e&quot;</ofd:TextCode></ofd:TextObject>
        <ofd:TextObject ID="5227" CTM="1 0 0 1 31.7 62.60000000000001"><ofd:TextCode>g</ofd:TextCode></ofd:TextObject>
        <ofd:TextObject ID="5228" CTM="1 0 0 1 31.7 68.80000000000001"><ofd:TextCode>&lt; : /&gt;</ofd:TextCode></ofd:TextObject>
        <ofd:TextObject ID="5229" CTM="1 0 0 1 31.7 75.00000000000001"><ofd:TextCode>xs enumerationvalue=&quot;OneColumn&quot;</ofd:TextCode></ofd:TextObject>
        <ofd:TextObject ID="5230" CTM="1 0 0 1 31.7 81.20000000000002"><ofd:TextCode>&lt; : /&gt;</ofd:TextCode></ofd:TextObject>
        <ofd:TextObject ID="5231" CTM="1 0 0 1 31.7 87.40000000000002"><ofd:TextCode>xs enumerationvalue=&quot;TwoPageL&quot;</ofd:TextCode></ofd:TextObject>
        <ofd:TextObject ID="5232" CTM="1 0 0 1 31.7 93.60000000000002"><ofd:TextCode>&lt; : /&gt;</ofd:TextCode></ofd:TextObject>
        <ofd:TextObject ID="5233" CTM="1 0 0 1 31.7 99.80000000000003"><ofd:TextCode>xs enumerationvalue=&quot;TwoColumnL&quot;</ofd:TextCode></ofd:TextObject>
        <ofd:TextObject ID="5234" CTM="1 0 0 1 31.7 106.00000000000003"><ofd:TextCode>&lt; : /&gt;</ofd:TextCode></ofd:TextObject>
        <ofd:TextObject ID="5235" CTM="1 0 0 1 31.7 112.20000000000003"><ofd:TextCode>xs enumerationvalue=&quot;TwoPa eR&quot;</ofd:TextCode></ofd:TextObject>
        <ofd:TextObject ID="5236" CTM="1 0 0 1 31.7 118.40000000000003"><ofd:TextCode>g</ofd:TextCode></ofd:TextObject>
        <ofd:TextObject ID="5237" CTM="1 0 0 1 31.7 124.60000000000004"><ofd:TextCode>&lt; : /&gt;</ofd:TextCode></ofd:TextObject>
        <ofd:TextObject ID="5238" CTM="1 0 0 1 31.7 130.80000000000004"><ofd:TextCode>xs enumerationvalue=&quot;TwoColumnR&quot;</ofd:TextCode></ofd:TextObject>
        <ofd:TextObject ID="5239" CTM="1 0 0 1 31.7 137.00000000000003"><ofd:TextCode>&lt;/ : &gt;</ofd:TextCode></ofd:TextObject>
        <ofd:TextObject ID="5240" CTM="1 0 0 1 31.7 143.20000000000002"><ofd:TextCode>xs restriction</ofd:TextCode></ofd:TextObject>
        </ofd:Layer>
    </ofd:Content>
</ofd:Page>
