﻿<?xml version="1.0" encoding="UTF-8"?>
<ofd:Page xmlns:ofd="http://www.ofdspec.org/2016">
    <ofd:Area>
        <ofd:PhysicalBox>0 0 210 297</ofd:PhysicalBox>
    </ofd:Area>
    <ofd:Content>
        <ofd:Layer ID="Layer1">
        <ofd:TextObject ID="3981" CTM="1 0 0 1 31.7 25.4"><ofd:TextCode>Top xsdouble</ofd:TextCode></ofd:TextObject>
        <ofd:TextObject ID="3982" CTM="1 0 0 1 31.7 31.599999999999998"><ofd:TextCode>默 认 为</ofd:TextCode></ofd:TextObject>
        <ofd:TextObject ID="3983" CTM="1 0 0 1 31.7 37.8"><ofd:TextCode>0</ofd:TextCode></ofd:TextObject>
        <ofd:TextObject ID="3984" CTM="1 0 0 1 31.7 44"><ofd:TextCode>: 目 标 区 域 右 下 角 坐 标 可 选</ofd:TextCode></ofd:TextObject>
        <ofd:TextObject ID="3985" CTM="1 0 0 1 31.7 50.2"><ofd:TextCode>Bottom xsdouble</ofd:TextCode></ofd:TextObject>
        <ofd:TextObject ID="3986" CTM="1 0 0 1 31.7 56.400000000000006"><ofd:TextCode>y</ofd:TextCode></ofd:TextObject>
        <ofd:TextObject ID="3987" CTM="1 0 0 1 31.7 62.60000000000001"><ofd:TextCode>目 标 区 域 页 面 缩 放 比 例,为 或 不 出 现 则 按 照 当 前 缩 放 比 例 跳 转,可</ofd:TextCode></ofd:TextObject>
        <ofd:TextObject ID="3988" CTM="1 0 0 1 31.7 68.80000000000001"><ofd:TextCode>0</ofd:TextCode></ofd:TextObject>
        <ofd:TextObject ID="3989" CTM="1 0 0 1 31.7 75.00000000000001"><ofd:TextCode>: 可 选</ofd:TextCode></ofd:TextObject>
        <ofd:TextObject ID="3990" CTM="1 0 0 1 31.7 81.20000000000002"><ofd:TextCode>Zoom xsdouble</ofd:TextCode></ofd:TextObject>
        <ofd:TextObject ID="3991" CTM="1 0 0 1 31.7 87.40000000000002"><ofd:TextCode>取 值 范 围[ ]</ofd:TextCode></ofd:TextObject>
        <ofd:TextObject ID="3992" CTM="1 0 0 1 31.7 93.60000000000002"><ofd:TextCode>0.164.0</ofd:TextCode></ofd:TextObject>
        <ofd:TextObject ID="3993" CTM="1 0 0 1 31.7 99.80000000000003"><ofd:TextCode>附 件 动 作</ofd:TextCode></ofd:TextObject>
        <ofd:TextObject ID="3994" CTM="1 0 0 1 31.7 106.00000000000003"><ofd:TextCode>14.3</ofd:TextCode></ofd:TextObject>
        <ofd:TextObject ID="3995" CTM="1 0 0 1 31.7 112.20000000000003"><ofd:TextCode>附 件 动 作 表 明 打 开 当 前 文 档 内 的 一 个 附 件,附 件 动 作 的 结 构 如 图 所 示。</ofd:TextCode></ofd:TextObject>
        <ofd:TextObject ID="3996" CTM="1 0 0 1 31.7 118.40000000000003"><ofd:TextCode>76</ofd:TextCode></ofd:TextObject>
        <ofd:TextObject ID="3997" CTM="1 0 0 1 31.7 124.60000000000004"><ofd:TextCode>图 附 件 动 作 结 构</ofd:TextCode></ofd:TextObject>
        <ofd:TextObject ID="3998" CTM="1 0 0 1 31.7 130.80000000000004"><ofd:TextCode>76</ofd:TextCode></ofd:TextObject>
        <ofd:TextObject ID="3999" CTM="1 0 0 1 31.7 137.00000000000003"><ofd:TextCode>附 件 动 作 属 性 说 明 见 表 。</ofd:TextCode></ofd:TextObject>
        <ofd:TextObject ID="4000" CTM="1 0 0 1 31.7 143.20000000000002"><ofd:TextCode>55</ofd:TextCode></ofd:TextObject>
        </ofd:Layer>
    </ofd:Content>
</ofd:Page>
