﻿<?xml version="1.0" encoding="UTF-8"?>
<ofd:Page xmlns:ofd="http://www.ofdspec.org/2016">
    <ofd:Area>
        <ofd:PhysicalBox>0 0 210 297</ofd:PhysicalBox>
    </ofd:Area>
    <ofd:Content>
        <ofd:Layer ID="Layer1">
        <ofd:TextObject ID="6581" CTM="1 0 0 1 31.7 25.4"><ofd:TextCode>xmlns xs=&quot;htt www.w3.or 2001 XMLSchema&quot;</ofd:TextCode></ofd:TextObject>
        <ofd:TextObject ID="6582" CTM="1 0 0 1 31.7 31.599999999999998"><ofd:TextCode>p g</ofd:TextCode></ofd:TextObject>
        <ofd:TextObject ID="6583" CTM="1 0 0 1 31.7 37.8"><ofd:TextCode>:// /</ofd:TextCode></ofd:TextObject>
        <ofd:TextObject ID="6584" CTM="1 0 0 1 31.7 44"><ofd:TextCode>targetNamespace=&quot;http www.ofdspec.org 2016&quot;elementFormDefault=&quot;qualified&quot;</ofd:TextCode></ofd:TextObject>
        <ofd:TextObject ID="6585" CTM="1 0 0 1 31.7 50.2"><ofd:TextCode>&gt;</ofd:TextCode></ofd:TextObject>
        <ofd:TextObject ID="6586" CTM="1 0 0 1 31.7 56.400000000000006"><ofd:TextCode>attributeFormDefault=&quot;unqualified&quot;</ofd:TextCode></ofd:TextObject>
        <ofd:TextObject ID="6587" CTM="1 0 0 1 31.7 62.60000000000001"><ofd:TextCode>&lt; : /&gt;</ofd:TextCode></ofd:TextObject>
        <ofd:TextObject ID="6588" CTM="1 0 0 1 31.7 68.80000000000001"><ofd:TextCode>xs includeschemaLocation=&quot;Definitions.xsd&quot;</ofd:TextCode></ofd:TextObject>
        <ofd:TextObject ID="6589" CTM="1 0 0 1 31.7 75.00000000000001"><ofd:TextCode>&lt; : /&gt;</ofd:TextCode></ofd:TextObject>
        <ofd:TextObject ID="6590" CTM="1 0 0 1 31.7 81.20000000000002"><ofd:TextCode>xs includeschemaLocation=&quot;Page.xsd&quot;</ofd:TextCode></ofd:TextObject>
        <ofd:TextObject ID="6591" CTM="1 0 0 1 31.7 87.40000000000002"><ofd:TextCode>&lt;! &gt;</ofd:TextCode></ofd:TextObject>
        <ofd:TextObject ID="6592" CTM="1 0 0 1 31.7 93.60000000000002"><ofd:TextCode>数 字 签 名 或 电 子 签 章 描 述 文 件</ofd:TextCode></ofd:TextObject>
        <ofd:TextObject ID="6593" CTM="1 0 0 1 31.7 99.80000000000003"><ofd:TextCode>-- --</ofd:TextCode></ofd:TextObject>
        <ofd:TextObject ID="6594" CTM="1 0 0 1 31.7 106.00000000000003"><ofd:TextCode>&lt; : &gt;</ofd:TextCode></ofd:TextObject>
        <ofd:TextObject ID="6595" CTM="1 0 0 1 31.7 112.20000000000003"><ofd:TextCode>xs elementname=&quot;Signature&quot;</ofd:TextCode></ofd:TextObject>
        <ofd:TextObject ID="6596" CTM="1 0 0 1 31.7 118.40000000000003"><ofd:TextCode>&lt; : &gt;</ofd:TextCode></ofd:TextObject>
        <ofd:TextObject ID="6597" CTM="1 0 0 1 31.7 124.60000000000004"><ofd:TextCode>xs com lexT e</ofd:TextCode></ofd:TextObject>
        <ofd:TextObject ID="6598" CTM="1 0 0 1 31.7 130.80000000000004"><ofd:TextCode>p yp</ofd:TextCode></ofd:TextObject>
        <ofd:TextObject ID="6599" CTM="1 0 0 1 31.7 137.00000000000003"><ofd:TextCode>&lt; : &gt;</ofd:TextCode></ofd:TextObject>
        <ofd:TextObject ID="6600" CTM="1 0 0 1 31.7 143.20000000000002"><ofd:TextCode>xs sequence</ofd:TextCode></ofd:TextObject>
        </ofd:Layer>
    </ofd:Content>
</ofd:Page>
