﻿<?xml version="1.0" encoding="UTF-8"?>
<ofd:Page xmlns:ofd="http://www.ofdspec.org/2016">
    <ofd:Area>
        <ofd:PhysicalBox>0 0 210 297</ofd:PhysicalBox>
    </ofd:Area>
    <ofd:Content>
        <ofd:Layer ID="Layer1">
        <ofd:TextObject ID="4881" CTM="1 0 0 1 31.7 25.4"><ofd:TextCode>&lt;/ : &gt;</ofd:TextCode></ofd:TextObject>
        <ofd:TextObject ID="4882" CTM="1 0 0 1 31.7 31.599999999999998"><ofd:TextCode>xs sequence</ofd:TextCode></ofd:TextObject>
        <ofd:TextObject ID="4883" CTM="1 0 0 1 31.7 37.8"><ofd:TextCode>&lt;/ : &gt;</ofd:TextCode></ofd:TextObject>
        <ofd:TextObject ID="4884" CTM="1 0 0 1 31.7 44"><ofd:TextCode>xs com lexT e</ofd:TextCode></ofd:TextObject>
        <ofd:TextObject ID="4885" CTM="1 0 0 1 31.7 50.2"><ofd:TextCode>p yp</ofd:TextCode></ofd:TextObject>
        <ofd:TextObject ID="4886" CTM="1 0 0 1 31.7 56.400000000000006"><ofd:TextCode>&lt;/ : &gt;</ofd:TextCode></ofd:TextObject>
        <ofd:TextObject ID="4887" CTM="1 0 0 1 31.7 62.60000000000001"><ofd:TextCode>xs schema</ofd:TextCode></ofd:TextObject>
        <ofd:TextObject ID="4888" CTM="1 0 0 1 31.7 68.80000000000001"><ofd:TextCode>A.2 Document.xsd</ofd:TextCode></ofd:TextObject>
        <ofd:TextObject ID="4889" CTM="1 0 0 1 31.7 75.00000000000001"><ofd:TextCode>&lt;? ?&gt;</ofd:TextCode></ofd:TextObject>
        <ofd:TextObject ID="4890" CTM="1 0 0 1 31.7 81.20000000000002"><ofd:TextCode>xmlversion=&quot;1.0&quot;encoding=&quot;UTF-8&quot;</ofd:TextCode></ofd:TextObject>
        <ofd:TextObject ID="4891" CTM="1 0 0 1 31.7 87.40000000000002"><ofd:TextCode>&lt; : :// /</ofd:TextCode></ofd:TextObject>
        <ofd:TextObject ID="4892" CTM="1 0 0 1 31.7 93.60000000000002"><ofd:TextCode>xs schemaxmlns=&quot;http www.ofdspec.org 2016&quot;</ofd:TextCode></ofd:TextObject>
        <ofd:TextObject ID="4893" CTM="1 0 0 1 31.7 99.80000000000003"><ofd:TextCode>: :// / /</ofd:TextCode></ofd:TextObject>
        <ofd:TextObject ID="4894" CTM="1 0 0 1 31.7 106.00000000000003"><ofd:TextCode>xmlns xs=&quot;htt www.w3.or 2001 XMLSchema&quot;</ofd:TextCode></ofd:TextObject>
        <ofd:TextObject ID="4895" CTM="1 0 0 1 31.7 112.20000000000003"><ofd:TextCode>p g</ofd:TextCode></ofd:TextObject>
        <ofd:TextObject ID="4896" CTM="1 0 0 1 31.7 118.40000000000003"><ofd:TextCode>:// /</ofd:TextCode></ofd:TextObject>
        <ofd:TextObject ID="4897" CTM="1 0 0 1 31.7 124.60000000000004"><ofd:TextCode>tar etNames ace=&quot;htt www.ofds ec.or 2016&quot;elementFormDefault=&quot; ualified&quot;</ofd:TextCode></ofd:TextObject>
        <ofd:TextObject ID="4898" CTM="1 0 0 1 31.7 130.80000000000004"><ofd:TextCode>g p p p g q</ofd:TextCode></ofd:TextObject>
        <ofd:TextObject ID="4899" CTM="1 0 0 1 31.7 137.00000000000003"><ofd:TextCode>&gt;</ofd:TextCode></ofd:TextObject>
        <ofd:TextObject ID="4900" CTM="1 0 0 1 31.7 143.20000000000002"><ofd:TextCode>attributeFormDefault=&quot;unqualified&quot;</ofd:TextCode></ofd:TextObject>
        </ofd:Layer>
    </ofd:Content>
</ofd:Page>
