﻿<?xml version="1.0" encoding="UTF-8"?>
<ofd:Page xmlns:ofd="http://www.ofdspec.org/2016">
    <ofd:Area>
        <ofd:PhysicalBox>0 0 210 297</ofd:PhysicalBox>
    </ofd:Area>
    <ofd:Content>
        <ofd:Layer ID="Layer1">
        <ofd:TextObject ID="4041" CTM="1 0 0 1 31.7 25.4"><ofd:TextCode>
</ofd:TextCode></ofd:TextObject>
        <ofd:TextObject ID="4042" CTM="1 0 0 1 31.7 29.799999999999997"><ofd:TextCode>
=== 第 82 页 ===
</ofd:TextCode></ofd:TextObject>
        <ofd:TextObject ID="4043" CTM="1 0 0 1 31.7 35.8"><ofd:TextCode>/ —</ofd:TextCode></ofd:TextObject>
        <ofd:TextObject ID="4044" CTM="1 0 0 1 31.7 42"><ofd:TextCode>GB T 33190 2016</ofd:TextCode></ofd:TextObject>
        <ofd:TextObject ID="4045" CTM="1 0 0 1 31.7 48.2"><ofd:TextCode>表 播 放 音 频 动 作 属 性</ofd:TextCode></ofd:TextObject>
        <ofd:TextObject ID="4046" CTM="1 0 0 1 31.7 54.400000000000006"><ofd:TextCode>57</ofd:TextCode></ofd:TextObject>
        <ofd:TextObject ID="4047" CTM="1 0 0 1 31.7 60.60000000000001"><ofd:TextCode>名 称 类 型 说 明 备 注</ofd:TextCode></ofd:TextObject>
        <ofd:TextObject ID="4048" CTM="1 0 0 1 31.7 66.80000000000001"><ofd:TextCode>_ 引 用 资 源 文 件 中 的 音 频 资 源 标 识 必 选</ofd:TextCode></ofd:TextObject>
        <ofd:TextObject ID="4049" CTM="1 0 0 1 31.7 73.00000000000001"><ofd:TextCode>ResourceID STRefID</ofd:TextCode></ofd:TextObject>
        <ofd:TextObject ID="4050" CTM="1 0 0 1 31.7 79.20000000000002"><ofd:TextCode>播 放 的 音 量,取 值 范 围[ ]</ofd:TextCode></ofd:TextObject>
        <ofd:TextObject ID="4051" CTM="1 0 0 1 31.7 85.40000000000002"><ofd:TextCode>0100</ofd:TextCode></ofd:TextObject>
        <ofd:TextObject ID="4052" CTM="1 0 0 1 31.7 91.60000000000002"><ofd:TextCode>: 可 选</ofd:TextCode></ofd:TextObject>
        <ofd:TextObject ID="4053" CTM="1 0 0 1 31.7 97.80000000000003"><ofd:TextCode>Volume xsint</ofd:TextCode></ofd:TextObject>
        <ofd:TextObject ID="4054" CTM="1 0 0 1 31.7 104.00000000000003"><ofd:TextCode>默 认 值 为</ofd:TextCode></ofd:TextObject>
        <ofd:TextObject ID="4055" CTM="1 0 0 1 31.7 110.20000000000003"><ofd:TextCode>100</ofd:TextCode></ofd:TextObject>
        <ofd:TextObject ID="4056" CTM="1 0 0 1 31.7 116.40000000000003"><ofd:TextCode>此 音 频 是 否 需 要 循 环 播 放</ofd:TextCode></ofd:TextObject>
        <ofd:TextObject ID="4057" CTM="1 0 0 1 31.7 122.60000000000004"><ofd:TextCode>: 如 果 此 属 性 为 ,则 值 无 效 可 选</ofd:TextCode></ofd:TextObject>
        <ofd:TextObject ID="4058" CTM="1 0 0 1 31.7 128.80000000000004"><ofd:TextCode>Reeat xsboolean true Snchronous</ofd:TextCode></ofd:TextObject>
        <ofd:TextObject ID="4059" CTM="1 0 0 1 31.7 135.00000000000003"><ofd:TextCode>p y</ofd:TextCode></ofd:TextObject>
        <ofd:TextObject ID="4060" CTM="1 0 0 1 31.7 141.20000000000002"><ofd:TextCode>默 认 为</ofd:TextCode></ofd:TextObject>
        </ofd:Layer>
    </ofd:Content>
</ofd:Page>
