﻿<?xml version="1.0" encoding="UTF-8"?>
<ofd:Page xmlns:ofd="http://www.ofdspec.org/2016">
    <ofd:Area>
        <ofd:PhysicalBox>0 0 210 297</ofd:PhysicalBox>
    </ofd:Area>
    <ofd:Content>
        <ofd:Layer ID="Layer1">
        <ofd:TextObject ID="6061" CTM="1 0 0 1 31.7 25.4"><ofd:TextCode>/ —</ofd:TextCode></ofd:TextObject>
        <ofd:TextObject ID="6062" CTM="1 0 0 1 31.7 31.599999999999998"><ofd:TextCode>GB T 33190 2016</ofd:TextCode></ofd:TextObject>
        <ofd:TextObject ID="6063" CTM="1 0 0 1 31.7 37.8"><ofd:TextCode>&lt; : : /&gt;</ofd:TextCode></ofd:TextObject>
        <ofd:TextObject ID="6064" CTM="1 0 0 1 31.7 44"><ofd:TextCode>xs attributename=&quot;Width&quot;type=&quot;xs double&quot;use=&quot;required&quot;</ofd:TextCode></ofd:TextObject>
        <ofd:TextObject ID="6065" CTM="1 0 0 1 31.7 50.2"><ofd:TextCode>&lt; : : /&gt;</ofd:TextCode></ofd:TextObject>
        <ofd:TextObject ID="6066" CTM="1 0 0 1 31.7 56.400000000000006"><ofd:TextCode>xs attributename=&quot;Hei ht&quot;t e=&quot;xs double&quot;use=&quot;re uired&quot;</ofd:TextCode></ofd:TextObject>
        <ofd:TextObject ID="6067" CTM="1 0 0 1 31.7 62.60000000000001"><ofd:TextCode>g yp q</ofd:TextCode></ofd:TextObject>
        <ofd:TextObject ID="6068" CTM="1 0 0 1 31.7 68.80000000000001"><ofd:TextCode>&lt;/ : &gt;</ofd:TextCode></ofd:TextObject>
        <ofd:TextObject ID="6069" CTM="1 0 0 1 31.7 75.00000000000001"><ofd:TextCode>xs com lexT e</ofd:TextCode></ofd:TextObject>
        <ofd:TextObject ID="6070" CTM="1 0 0 1 31.7 81.20000000000002"><ofd:TextCode>p yp</ofd:TextCode></ofd:TextObject>
        <ofd:TextObject ID="6071" CTM="1 0 0 1 31.7 87.40000000000002"><ofd:TextCode>&lt;/ : &gt;</ofd:TextCode></ofd:TextObject>
        <ofd:TextObject ID="6072" CTM="1 0 0 1 31.7 93.60000000000002"><ofd:TextCode>xs schema</ofd:TextCode></ofd:TextObject>
        <ofd:TextObject ID="6073" CTM="1 0 0 1 31.7 99.80000000000003"><ofd:TextCode>A.6 Definition.xsd</ofd:TextCode></ofd:TextObject>
        <ofd:TextObject ID="6074" CTM="1 0 0 1 31.7 106.00000000000003"><ofd:TextCode>&lt;? ?&gt;</ofd:TextCode></ofd:TextObject>
        <ofd:TextObject ID="6075" CTM="1 0 0 1 31.7 112.20000000000003"><ofd:TextCode>xmlversion=&quot;1.0&quot;encoding=&quot;UTF-8&quot;</ofd:TextCode></ofd:TextObject>
        <ofd:TextObject ID="6076" CTM="1 0 0 1 31.7 118.40000000000003"><ofd:TextCode>&lt; : :// /</ofd:TextCode></ofd:TextObject>
        <ofd:TextObject ID="6077" CTM="1 0 0 1 31.7 124.60000000000004"><ofd:TextCode>xs schemaxmlns=&quot;http www.ofdspec.org 2016&quot;</ofd:TextCode></ofd:TextObject>
        <ofd:TextObject ID="6078" CTM="1 0 0 1 31.7 130.80000000000004"><ofd:TextCode>: :// / /</ofd:TextCode></ofd:TextObject>
        <ofd:TextObject ID="6079" CTM="1 0 0 1 31.7 137.00000000000003"><ofd:TextCode>xmlns xs=&quot;htt www.w3.or 2001 XMLSchema&quot;</ofd:TextCode></ofd:TextObject>
        <ofd:TextObject ID="6080" CTM="1 0 0 1 31.7 143.20000000000002"><ofd:TextCode>p g</ofd:TextCode></ofd:TextObject>
        </ofd:Layer>
    </ofd:Content>
</ofd:Page>
