﻿<?xml version="1.0" encoding="UTF-8"?>
<ofd:Page xmlns:ofd="http://www.ofdspec.org/2016">
    <ofd:Area>
        <ofd:PhysicalBox>0 0 210 297</ofd:PhysicalBox>
    </ofd:Area>
    <ofd:Content>
        <ofd:Layer ID="Layer1">
        <ofd:TextObject ID="5281" CTM="1 0 0 1 31.7 25.4"><ofd:TextCode>&lt; : &gt;</ofd:TextCode></ofd:TextObject>
        <ofd:TextObject ID="5282" CTM="1 0 0 1 31.7 31.599999999999998"><ofd:TextCode>xs choiceminOccurs=&quot;0&quot;</ofd:TextCode></ofd:TextObject>
        <ofd:TextObject ID="5283" CTM="1 0 0 1 31.7 37.8"><ofd:TextCode>&lt; : &gt;</ofd:TextCode></ofd:TextObject>
        <ofd:TextObject ID="5284" CTM="1 0 0 1 31.7 44"><ofd:TextCode>xs elementname=&quot;ZoomMode&quot;</ofd:TextCode></ofd:TextObject>
        <ofd:TextObject ID="5285" CTM="1 0 0 1 31.7 50.2"><ofd:TextCode>&lt; : &gt;</ofd:TextCode></ofd:TextObject>
        <ofd:TextObject ID="5286" CTM="1 0 0 1 31.7 56.400000000000006"><ofd:TextCode>xs sim leT e</ofd:TextCode></ofd:TextObject>
        <ofd:TextObject ID="5287" CTM="1 0 0 1 31.7 62.60000000000001"><ofd:TextCode>p yp</ofd:TextCode></ofd:TextObject>
        <ofd:TextObject ID="5288" CTM="1 0 0 1 31.7 68.80000000000001"><ofd:TextCode>&lt; : : &gt;</ofd:TextCode></ofd:TextObject>
        <ofd:TextObject ID="5289" CTM="1 0 0 1 31.7 75.00000000000001"><ofd:TextCode>xs restrictionbase=&quot;xs string&quot;</ofd:TextCode></ofd:TextObject>
        <ofd:TextObject ID="5290" CTM="1 0 0 1 31.7 81.20000000000002"><ofd:TextCode>&lt; : /&gt;</ofd:TextCode></ofd:TextObject>
        <ofd:TextObject ID="5291" CTM="1 0 0 1 31.7 87.40000000000002"><ofd:TextCode>xs enumerationvalue=&quot;Default&quot;</ofd:TextCode></ofd:TextObject>
        <ofd:TextObject ID="5292" CTM="1 0 0 1 31.7 93.60000000000002"><ofd:TextCode>&lt; : /&gt;</ofd:TextCode></ofd:TextObject>
        <ofd:TextObject ID="5293" CTM="1 0 0 1 31.7 99.80000000000003"><ofd:TextCode>xs enumerationvalue=&quot;FitHeight&quot;</ofd:TextCode></ofd:TextObject>
        <ofd:TextObject ID="5294" CTM="1 0 0 1 31.7 106.00000000000003"><ofd:TextCode>&lt; : /&gt;</ofd:TextCode></ofd:TextObject>
        <ofd:TextObject ID="5295" CTM="1 0 0 1 31.7 112.20000000000003"><ofd:TextCode>xs enumerationvalue=&quot;FitWidth&quot;</ofd:TextCode></ofd:TextObject>
        <ofd:TextObject ID="5296" CTM="1 0 0 1 31.7 118.40000000000003"><ofd:TextCode>&lt; : /&gt;</ofd:TextCode></ofd:TextObject>
        <ofd:TextObject ID="5297" CTM="1 0 0 1 31.7 124.60000000000004"><ofd:TextCode>xs enumerationvalue=&quot;FitRect&quot;</ofd:TextCode></ofd:TextObject>
        <ofd:TextObject ID="5298" CTM="1 0 0 1 31.7 130.80000000000004"><ofd:TextCode>&lt;/ : &gt;</ofd:TextCode></ofd:TextObject>
        <ofd:TextObject ID="5299" CTM="1 0 0 1 31.7 137.00000000000003"><ofd:TextCode>xs restriction</ofd:TextCode></ofd:TextObject>
        <ofd:TextObject ID="5300" CTM="1 0 0 1 31.7 143.20000000000002"><ofd:TextCode>&lt;/ : &gt;</ofd:TextCode></ofd:TextObject>
        </ofd:Layer>
    </ofd:Content>
</ofd:Page>
