﻿<?xml version="1.0" encoding="UTF-8"?>
<ofd:Page xmlns:ofd="http://www.ofdspec.org/2016">
    <ofd:Area>
        <ofd:PhysicalBox>0 0 210 297</ofd:PhysicalBox>
    </ofd:Area>
    <ofd:Content>
        <ofd:Layer ID="Layer1">
        <ofd:TextObject ID="6381" CTM="1 0 0 1 31.7 25.4"><ofd:TextCode>xs complexType</ofd:TextCode></ofd:TextObject>
        <ofd:TextObject ID="6382" CTM="1 0 0 1 31.7 31.599999999999998"><ofd:TextCode>&lt; : _</ofd:TextCode></ofd:TextObject>
        <ofd:TextObject ID="6383" CTM="1 0 0 1 31.7 37.8"><ofd:TextCode>xs attributename=&quot;Point1&quot;type=&quot;ST Pos&quot;</ofd:TextCode></ofd:TextObject>
        <ofd:TextObject ID="6384" CTM="1 0 0 1 31.7 44"><ofd:TextCode>/&gt;</ofd:TextCode></ofd:TextObject>
        <ofd:TextObject ID="6385" CTM="1 0 0 1 31.7 50.2"><ofd:TextCode>use=&quot;re uired&quot;</ofd:TextCode></ofd:TextObject>
        <ofd:TextObject ID="6386" CTM="1 0 0 1 31.7 56.400000000000006"><ofd:TextCode>q</ofd:TextCode></ofd:TextObject>
        <ofd:TextObject ID="6387" CTM="1 0 0 1 31.7 62.60000000000001"><ofd:TextCode>&lt;/ : &gt;</ofd:TextCode></ofd:TextObject>
        <ofd:TextObject ID="6388" CTM="1 0 0 1 31.7 68.80000000000001"><ofd:TextCode>xs complexType</ofd:TextCode></ofd:TextObject>
        <ofd:TextObject ID="6389" CTM="1 0 0 1 31.7 75.00000000000001"><ofd:TextCode>&lt;/ : &gt;</ofd:TextCode></ofd:TextObject>
        <ofd:TextObject ID="6390" CTM="1 0 0 1 31.7 81.20000000000002"><ofd:TextCode>xs element</ofd:TextCode></ofd:TextObject>
        <ofd:TextObject ID="6391" CTM="1 0 0 1 31.7 87.40000000000002"><ofd:TextCode>&lt; : &gt;</ofd:TextCode></ofd:TextObject>
        <ofd:TextObject ID="6392" CTM="1 0 0 1 31.7 93.60000000000002"><ofd:TextCode>xs elementname=&quot;Line&quot;</ofd:TextCode></ofd:TextObject>
        <ofd:TextObject ID="6393" CTM="1 0 0 1 31.7 99.80000000000003"><ofd:TextCode>&lt; : &gt;</ofd:TextCode></ofd:TextObject>
        <ofd:TextObject ID="6394" CTM="1 0 0 1 31.7 106.00000000000003"><ofd:TextCode>xs complexType</ofd:TextCode></ofd:TextObject>
        <ofd:TextObject ID="6395" CTM="1 0 0 1 31.7 112.20000000000003"><ofd:TextCode>&lt; : _</ofd:TextCode></ofd:TextObject>
        <ofd:TextObject ID="6396" CTM="1 0 0 1 31.7 118.40000000000003"><ofd:TextCode>xs attributename=&quot;Point1&quot;type=&quot;ST Pos&quot;</ofd:TextCode></ofd:TextObject>
        <ofd:TextObject ID="6397" CTM="1 0 0 1 31.7 124.60000000000004"><ofd:TextCode>/&gt;</ofd:TextCode></ofd:TextObject>
        <ofd:TextObject ID="6398" CTM="1 0 0 1 31.7 130.80000000000004"><ofd:TextCode>use=&quot;required&quot;</ofd:TextCode></ofd:TextObject>
        <ofd:TextObject ID="6399" CTM="1 0 0 1 31.7 137.00000000000003"><ofd:TextCode>&lt;/ : &gt;</ofd:TextCode></ofd:TextObject>
        <ofd:TextObject ID="6400" CTM="1 0 0 1 31.7 143.20000000000002"><ofd:TextCode>xs com lexT e</ofd:TextCode></ofd:TextObject>
        </ofd:Layer>
    </ofd:Content>
</ofd:Page>
