﻿<?xml version="1.0" encoding="UTF-8"?>
<ofd:Page xmlns:ofd="http://www.ofdspec.org/2016">
    <ofd:Area>
        <ofd:PhysicalBox>0 0 210 297</ofd:PhysicalBox>
    </ofd:Area>
    <ofd:Content>
        <ofd:Layer ID="Layer1">
        <ofd:TextObject ID="5061" CTM="1 0 0 1 31.7 25.4"><ofd:TextCode>&lt; : _</ofd:TextCode></ofd:TextObject>
        <ofd:TextObject ID="5062" CTM="1 0 0 1 31.7 31.599999999999998"><ofd:TextCode>xs elementname=&quot;Action&quot;t e=&quot;CT Action&quot;</ofd:TextCode></ofd:TextObject>
        <ofd:TextObject ID="5063" CTM="1 0 0 1 31.7 37.8"><ofd:TextCode>yp</ofd:TextCode></ofd:TextObject>
        <ofd:TextObject ID="5064" CTM="1 0 0 1 31.7 44"><ofd:TextCode>/&gt;</ofd:TextCode></ofd:TextObject>
        <ofd:TextObject ID="5065" CTM="1 0 0 1 31.7 50.2"><ofd:TextCode>maxOccurs=&quot;unbounded&quot;</ofd:TextCode></ofd:TextObject>
        <ofd:TextObject ID="5066" CTM="1 0 0 1 31.7 56.400000000000006"><ofd:TextCode>&lt;/ : &gt;</ofd:TextCode></ofd:TextObject>
        <ofd:TextObject ID="5067" CTM="1 0 0 1 31.7 62.60000000000001"><ofd:TextCode>xs sequence</ofd:TextCode></ofd:TextObject>
        <ofd:TextObject ID="5068" CTM="1 0 0 1 31.7 68.80000000000001"><ofd:TextCode>&lt;/ : &gt;</ofd:TextCode></ofd:TextObject>
        <ofd:TextObject ID="5069" CTM="1 0 0 1 31.7 75.00000000000001"><ofd:TextCode>xs com lexT e</ofd:TextCode></ofd:TextObject>
        <ofd:TextObject ID="5070" CTM="1 0 0 1 31.7 81.20000000000002"><ofd:TextCode>p yp</ofd:TextCode></ofd:TextObject>
        <ofd:TextObject ID="5071" CTM="1 0 0 1 31.7 87.40000000000002"><ofd:TextCode>&lt;/ : &gt;</ofd:TextCode></ofd:TextObject>
        <ofd:TextObject ID="5072" CTM="1 0 0 1 31.7 93.60000000000002"><ofd:TextCode>xs element</ofd:TextCode></ofd:TextObject>
        <ofd:TextObject ID="5073" CTM="1 0 0 1 31.7 99.80000000000003"><ofd:TextCode>&lt; : _</ofd:TextCode></ofd:TextObject>
        <ofd:TextObject ID="5074" CTM="1 0 0 1 31.7 106.00000000000003"><ofd:TextCode>xs elementname=&quot;VPreferences&quot;type=&quot;CT VPreferences&quot;</ofd:TextCode></ofd:TextObject>
        <ofd:TextObject ID="5075" CTM="1 0 0 1 31.7 112.20000000000003"><ofd:TextCode>/&gt;</ofd:TextCode></ofd:TextObject>
        <ofd:TextObject ID="5076" CTM="1 0 0 1 31.7 118.40000000000003"><ofd:TextCode>minOccurs=&quot;0&quot;</ofd:TextCode></ofd:TextObject>
        <ofd:TextObject ID="5077" CTM="1 0 0 1 31.7 124.60000000000004"><ofd:TextCode>&lt; : &gt;</ofd:TextCode></ofd:TextObject>
        <ofd:TextObject ID="5078" CTM="1 0 0 1 31.7 130.80000000000004"><ofd:TextCode>xs elementname=&quot;Bookmarks&quot;minOccurs=&quot;0&quot;</ofd:TextCode></ofd:TextObject>
        <ofd:TextObject ID="5079" CTM="1 0 0 1 31.7 137.00000000000003"><ofd:TextCode>&lt; : &gt;</ofd:TextCode></ofd:TextObject>
        <ofd:TextObject ID="5080" CTM="1 0 0 1 31.7 143.20000000000002"><ofd:TextCode>xs complexType</ofd:TextCode></ofd:TextObject>
        </ofd:Layer>
    </ofd:Content>
</ofd:Page>
