﻿<?xml version="1.0" encoding="UTF-8"?>
<ofd:Page xmlns:ofd="http://www.ofdspec.org/2016">
    <ofd:Area>
        <ofd:PhysicalBox>0 0 210 297</ofd:PhysicalBox>
    </ofd:Area>
    <ofd:Content>
        <ofd:Layer ID="Layer1">
        <ofd:TextObject ID="4901" CTM="1 0 0 1 31.7 25.4"><ofd:TextCode>&lt; : /&gt;</ofd:TextCode></ofd:TextObject>
        <ofd:TextObject ID="4902" CTM="1 0 0 1 31.7 31.599999999999998"><ofd:TextCode>xs includeschemaLocation=&quot;Definitions.xsd&quot;</ofd:TextCode></ofd:TextObject>
        <ofd:TextObject ID="4903" CTM="1 0 0 1 31.7 37.8"><ofd:TextCode>&lt;! 文 档 结 构 定 义。 &gt;</ofd:TextCode></ofd:TextObject>
        <ofd:TextObject ID="4904" CTM="1 0 0 1 31.7 44"><ofd:TextCode>-- --</ofd:TextCode></ofd:TextObject>
        <ofd:TextObject ID="4905" CTM="1 0 0 1 31.7 50.2"><ofd:TextCode>&lt; : &gt;</ofd:TextCode></ofd:TextObject>
        <ofd:TextObject ID="4906" CTM="1 0 0 1 31.7 56.400000000000006"><ofd:TextCode>xs elementname=&quot;Document&quot;</ofd:TextCode></ofd:TextObject>
        <ofd:TextObject ID="4907" CTM="1 0 0 1 31.7 62.60000000000001"><ofd:TextCode>&lt; : &gt;</ofd:TextCode></ofd:TextObject>
        <ofd:TextObject ID="4908" CTM="1 0 0 1 31.7 68.80000000000001"><ofd:TextCode>xs complexType</ofd:TextCode></ofd:TextObject>
        <ofd:TextObject ID="4909" CTM="1 0 0 1 31.7 75.00000000000001"><ofd:TextCode>&lt; : &gt;</ofd:TextCode></ofd:TextObject>
        <ofd:TextObject ID="4910" CTM="1 0 0 1 31.7 81.20000000000002"><ofd:TextCode>xs se uence</ofd:TextCode></ofd:TextObject>
        <ofd:TextObject ID="4911" CTM="1 0 0 1 31.7 87.40000000000002"><ofd:TextCode>q</ofd:TextCode></ofd:TextObject>
        <ofd:TextObject ID="4912" CTM="1 0 0 1 31.7 93.60000000000002"><ofd:TextCode>&lt; : &gt;</ofd:TextCode></ofd:TextObject>
        <ofd:TextObject ID="4913" CTM="1 0 0 1 31.7 99.80000000000003"><ofd:TextCode>xs elementname=&quot;CommonData&quot;</ofd:TextCode></ofd:TextObject>
        <ofd:TextObject ID="4914" CTM="1 0 0 1 31.7 106.00000000000003"><ofd:TextCode>&lt; : &gt;</ofd:TextCode></ofd:TextObject>
        <ofd:TextObject ID="4915" CTM="1 0 0 1 31.7 112.20000000000003"><ofd:TextCode>xs complexType</ofd:TextCode></ofd:TextObject>
        <ofd:TextObject ID="4916" CTM="1 0 0 1 31.7 118.40000000000003"><ofd:TextCode>&lt; : &gt;</ofd:TextCode></ofd:TextObject>
        <ofd:TextObject ID="4917" CTM="1 0 0 1 31.7 124.60000000000004"><ofd:TextCode>xs sequence</ofd:TextCode></ofd:TextObject>
        <ofd:TextObject ID="4918" CTM="1 0 0 1 31.7 130.80000000000004"><ofd:TextCode>&lt; : _ /&gt;</ofd:TextCode></ofd:TextObject>
        <ofd:TextObject ID="4919" CTM="1 0 0 1 31.7 137.00000000000003"><ofd:TextCode>xs elementname=&quot;MaxUnitID&quot;t e=&quot;ST ID&quot;</ofd:TextCode></ofd:TextObject>
        <ofd:TextObject ID="4920" CTM="1 0 0 1 31.7 143.20000000000002"><ofd:TextCode>yp</ofd:TextCode></ofd:TextObject>
        </ofd:Layer>
    </ofd:Content>
</ofd:Page>
