﻿<?xml version="1.0" encoding="UTF-8"?>
<ofd:Page xmlns:ofd="http://www.ofdspec.org/2016">
    <ofd:Area>
        <ofd:PhysicalBox>0 0 210 297</ofd:PhysicalBox>
    </ofd:Area>
    <ofd:Content>
        <ofd:Layer ID="Layer1">
        <ofd:TextObject ID="2401" CTM="1 0 0 1 31.7 25.4"><ofd:TextCode>色;否 则,按 照 在 起 始 点 和 终 止 点 连 线 区 域 内 的 渲 染 规 则 进 行 渲 染。</ofd:TextCode></ofd:TextObject>
        <ofd:TextObject ID="2402" CTM="1 0 0 1 31.7 31.599999999999998"><ofd:TextCode>径 向 渐 变 的 示 例:</ofd:TextCode></ofd:TextObject>
        <ofd:TextObject ID="2403" CTM="1 0 0 1 31.7 37.8"><ofd:TextCode>Extend</ofd:TextCode></ofd:TextObject>
        <ofd:TextObject ID="2404" CTM="1 0 0 1 31.7 44"><ofd:TextCode>&lt; : &gt;</ofd:TextCode></ofd:TextObject>
        <ofd:TextObject ID="2405" CTM="1 0 0 1 31.7 50.2"><ofd:TextCode>ofdPathObectID=&quot;10010&quot;Boundar=&quot;1010200150&quot;Fill=&quot;true&quot;</ofd:TextCode></ofd:TextObject>
        <ofd:TextObject ID="2406" CTM="1 0 0 1 31.7 56.400000000000006"><ofd:TextCode>j y</ofd:TextCode></ofd:TextObject>
        <ofd:TextObject ID="2407" CTM="1 0 0 1 31.7 62.60000000000001"><ofd:TextCode>&lt; : &gt;</ofd:TextCode></ofd:TextObject>
        <ofd:TextObject ID="2408" CTM="1 0 0 1 31.7 68.80000000000001"><ofd:TextCode>ofdFillColor</ofd:TextCode></ofd:TextObject>
        <ofd:TextObject ID="2409" CTM="1 0 0 1 31.7 75.00000000000001"><ofd:TextCode>&lt; : &gt;</ofd:TextCode></ofd:TextObject>
        <ofd:TextObject ID="2410" CTM="1 0 0 1 31.7 81.20000000000002"><ofd:TextCode>ofdRadialShdStartPoint=&quot;4070&quot;StartRadius=&quot;10&quot;EndPoint=&quot;14070&quot;EndRadius=&quot;50&quot;</ofd:TextCode></ofd:TextObject>
        <ofd:TextObject ID="2411" CTM="1 0 0 1 31.7 87.40000000000002"><ofd:TextCode>&lt; : &gt;</ofd:TextCode></ofd:TextObject>
        <ofd:TextObject ID="2412" CTM="1 0 0 1 31.7 93.60000000000002"><ofd:TextCode>ofdSement</ofd:TextCode></ofd:TextObject>
        <ofd:TextObject ID="2413" CTM="1 0 0 1 31.7 99.80000000000003"><ofd:TextCode>g</ofd:TextCode></ofd:TextObject>
        <ofd:TextObject ID="2414" CTM="1 0 0 1 31.7 106.00000000000003"><ofd:TextCode>&lt; : /&gt;</ofd:TextCode></ofd:TextObject>
        <ofd:TextObject ID="2415" CTM="1 0 0 1 31.7 112.20000000000003"><ofd:TextCode>ofdColorValue=&quot;2552550&quot;</ofd:TextCode></ofd:TextObject>
        <ofd:TextObject ID="2416" CTM="1 0 0 1 31.7 118.40000000000003"><ofd:TextCode>&lt;/ : &gt;</ofd:TextCode></ofd:TextObject>
        <ofd:TextObject ID="2417" CTM="1 0 0 1 31.7 124.60000000000004"><ofd:TextCode>ofdSement</ofd:TextCode></ofd:TextObject>
        <ofd:TextObject ID="2418" CTM="1 0 0 1 31.7 130.80000000000004"><ofd:TextCode>g</ofd:TextCode></ofd:TextObject>
        <ofd:TextObject ID="2419" CTM="1 0 0 1 31.7 137.00000000000003"><ofd:TextCode>&lt; : &gt;</ofd:TextCode></ofd:TextObject>
        <ofd:TextObject ID="2420" CTM="1 0 0 1 31.7 143.20000000000002"><ofd:TextCode>ofdSement</ofd:TextCode></ofd:TextObject>
        </ofd:Layer>
    </ofd:Content>
</ofd:Page>
