﻿<?xml version="1.0" encoding="UTF-8"?>
<ofd:Page xmlns:ofd="http://www.ofdspec.org/2016">
    <ofd:Area>
        <ofd:PhysicalBox>0 0 210 297</ofd:PhysicalBox>
    </ofd:Area>
    <ofd:Content>
        <ofd:Layer ID="Layer1">
        <ofd:TextObject ID="101" CTM="1 0 0 1 31.7 25.4"><ofd:TextCode>8.2.5 30</ofd:TextCode></ofd:TextObject>
        <ofd:TextObject ID="102" CTM="1 0 0 1 31.7 31.599999999999998"><ofd:TextCode>Ⅰ</ofd:TextCode></ofd:TextObject>
        <ofd:TextObject ID="103" CTM="1 0 0 1 31.7 37.8"><ofd:TextCode>
</ofd:TextCode></ofd:TextObject>
        <ofd:TextObject ID="104" CTM="1 0 0 1 31.7 42.199999999999996"><ofd:TextCode>
=== 第 3 页 ===
</ofd:TextCode></ofd:TextObject>
        <ofd:TextObject ID="105" CTM="1 0 0 1 31.7 48.199999999999996"><ofd:TextCode>/ —</ofd:TextCode></ofd:TextObject>
        <ofd:TextObject ID="106" CTM="1 0 0 1 31.7 54.4"><ofd:TextCode>GB T 33190 2016</ofd:TextCode></ofd:TextObject>
        <ofd:TextObject ID="107" CTM="1 0 0 1 31.7 60.6"><ofd:TextCode>颜 色…………………………………………………………………………………………………</ofd:TextCode></ofd:TextObject>
        <ofd:TextObject ID="108" CTM="1 0 0 1 31.7 66.8"><ofd:TextCode>8.3 30</ofd:TextCode></ofd:TextObject>
        <ofd:TextObject ID="109" CTM="1 0 0 1 31.7 73"><ofd:TextCode>颜 色 空 间………………………………………………………………………………………</ofd:TextCode></ofd:TextObject>
        <ofd:TextObject ID="110" CTM="1 0 0 1 31.7 79.2"><ofd:TextCode>8.3.1 30</ofd:TextCode></ofd:TextObject>
        <ofd:TextObject ID="111" CTM="1 0 0 1 31.7 85.4"><ofd:TextCode>基 本 颜 色………………………………………………………………………………………</ofd:TextCode></ofd:TextObject>
        <ofd:TextObject ID="112" CTM="1 0 0 1 31.7 91.60000000000001"><ofd:TextCode>8.3.2 31</ofd:TextCode></ofd:TextObject>
        <ofd:TextObject ID="113" CTM="1 0 0 1 31.7 97.80000000000001"><ofd:TextCode>底 纹……………………………………………………………………………………………</ofd:TextCode></ofd:TextObject>
        <ofd:TextObject ID="114" CTM="1 0 0 1 31.7 104.00000000000001"><ofd:TextCode>8.3.3 33</ofd:TextCode></ofd:TextObject>
        <ofd:TextObject ID="115" CTM="1 0 0 1 31.7 110.20000000000002"><ofd:TextCode>渐 变……………………………………………………………………………………………</ofd:TextCode></ofd:TextObject>
        <ofd:TextObject ID="116" CTM="1 0 0 1 31.7 116.40000000000002"><ofd:TextCode>8.3.4 35</ofd:TextCode></ofd:TextObject>
        <ofd:TextObject ID="117" CTM="1 0 0 1 31.7 122.60000000000002"><ofd:TextCode>概 念 和 说 明 ………………………………………………………………………………</ofd:TextCode></ofd:TextObject>
        <ofd:TextObject ID="118" CTM="1 0 0 1 31.7 128.8"><ofd:TextCode>8.3.4.1 35</ofd:TextCode></ofd:TextObject>
        <ofd:TextObject ID="119" CTM="1 0 0 1 31.7 135"><ofd:TextCode>…………………………………………………………………………………</ofd:TextCode></ofd:TextObject>
        <ofd:TextObject ID="120" CTM="1 0 0 1 31.7 141.2"><ofd:TextCode>轴 向 渐 变</ofd:TextCode></ofd:TextObject>
        </ofd:Layer>
    </ofd:Content>
</ofd:Page>
