﻿<?xml version="1.0" encoding="UTF-8"?>
<ofd:Page xmlns:ofd="http://www.ofdspec.org/2016">
    <ofd:Area>
        <ofd:PhysicalBox>0 0 210 297</ofd:PhysicalBox>
    </ofd:Area>
    <ofd:Content>
        <ofd:Layer ID="Layer1">
        <ofd:TextObject ID="2201" CTM="1 0 0 1 31.7 25.4"><ofd:TextCode>ofdPathObectID=&quot;10007&quot;Boundar=&quot;1011014040&quot;Fill=&quot;true&quot;</ofd:TextCode></ofd:TextObject>
        <ofd:TextObject ID="2202" CTM="1 0 0 1 31.7 31.599999999999998"><ofd:TextCode>j y</ofd:TextCode></ofd:TextObject>
        <ofd:TextObject ID="2203" CTM="1 0 0 1 31.7 37.8"><ofd:TextCode>&lt; : &gt;</ofd:TextCode></ofd:TextObject>
        <ofd:TextObject ID="2204" CTM="1 0 0 1 31.7 44"><ofd:TextCode>ofdFillColor</ofd:TextCode></ofd:TextObject>
        <ofd:TextObject ID="2205" CTM="1 0 0 1 31.7 50.2"><ofd:TextCode>&lt; : &gt;</ofd:TextCode></ofd:TextObject>
        <ofd:TextObject ID="2206" CTM="1 0 0 1 31.7 56.400000000000006"><ofd:TextCode>ofdAxialShdID=&quot;10007&quot;StartPoint=&quot;00&quot;EndPoint=&quot;300&quot;MapType=&quot;Reflect&quot;MapUnit=&quot;30&quot;</ofd:TextCode></ofd:TextObject>
        <ofd:TextObject ID="2207" CTM="1 0 0 1 31.7 62.60000000000001"><ofd:TextCode>&lt; : &gt;</ofd:TextCode></ofd:TextObject>
        <ofd:TextObject ID="2208" CTM="1 0 0 1 31.7 68.80000000000001"><ofd:TextCode>ofdSement</ofd:TextCode></ofd:TextObject>
        <ofd:TextObject ID="2209" CTM="1 0 0 1 31.7 75.00000000000001"><ofd:TextCode>g</ofd:TextCode></ofd:TextObject>
        <ofd:TextObject ID="2210" CTM="1 0 0 1 31.7 81.20000000000002"><ofd:TextCode>&lt; : /&gt;</ofd:TextCode></ofd:TextObject>
        <ofd:TextObject ID="2211" CTM="1 0 0 1 31.7 87.40000000000002"><ofd:TextCode>ofdColorValue=&quot;2552550&quot;</ofd:TextCode></ofd:TextObject>
        <ofd:TextObject ID="2212" CTM="1 0 0 1 31.7 93.60000000000002"><ofd:TextCode>&lt;/ : &gt;</ofd:TextCode></ofd:TextObject>
        <ofd:TextObject ID="2213" CTM="1 0 0 1 31.7 99.80000000000003"><ofd:TextCode>ofdSegment</ofd:TextCode></ofd:TextObject>
        <ofd:TextObject ID="2214" CTM="1 0 0 1 31.7 106.00000000000003"><ofd:TextCode>&lt; : &gt;</ofd:TextCode></ofd:TextObject>
        <ofd:TextObject ID="2215" CTM="1 0 0 1 31.7 112.20000000000003"><ofd:TextCode>ofdSegment</ofd:TextCode></ofd:TextObject>
        <ofd:TextObject ID="2216" CTM="1 0 0 1 31.7 118.40000000000003"><ofd:TextCode>&lt; : /&gt;</ofd:TextCode></ofd:TextObject>
        <ofd:TextObject ID="2217" CTM="1 0 0 1 31.7 124.60000000000004"><ofd:TextCode>ofdColorValue=&quot;00255&quot;</ofd:TextCode></ofd:TextObject>
        <ofd:TextObject ID="2218" CTM="1 0 0 1 31.7 130.80000000000004"><ofd:TextCode>&lt;/ : &gt;</ofd:TextCode></ofd:TextObject>
        <ofd:TextObject ID="2219" CTM="1 0 0 1 31.7 137.00000000000003"><ofd:TextCode>ofdSement</ofd:TextCode></ofd:TextObject>
        <ofd:TextObject ID="2220" CTM="1 0 0 1 31.7 143.20000000000002"><ofd:TextCode>g</ofd:TextCode></ofd:TextObject>
        </ofd:Layer>
    </ofd:Content>
</ofd:Page>
