﻿<?xml version="1.0" encoding="UTF-8"?>
<ofd:Page xmlns:ofd="http://www.ofdspec.org/2016">
    <ofd:Area>
        <ofd:PhysicalBox>0 0 210 297</ofd:PhysicalBox>
    </ofd:Area>
    <ofd:Content>
        <ofd:Layer ID="Layer1">
        <ofd:TextObject ID="4861" CTM="1 0 0 1 31.7 25.4"><ofd:TextCode>&lt; :</ofd:TextCode></ofd:TextObject>
        <ofd:TextObject ID="4862" CTM="1 0 0 1 31.7 31.599999999999998"><ofd:TextCode>xs attributename=&quot;Name&quot;</ofd:TextCode></ofd:TextObject>
        <ofd:TextObject ID="4863" CTM="1 0 0 1 31.7 37.8"><ofd:TextCode>: /&gt;</ofd:TextCode></ofd:TextObject>
        <ofd:TextObject ID="4864" CTM="1 0 0 1 31.7 44"><ofd:TextCode>type=&quot;xs string&quot;use=&quot;required&quot;</ofd:TextCode></ofd:TextObject>
        <ofd:TextObject ID="4865" CTM="1 0 0 1 31.7 50.2"><ofd:TextCode>&lt;/ : &gt;</ofd:TextCode></ofd:TextObject>
        <ofd:TextObject ID="4866" CTM="1 0 0 1 31.7 56.400000000000006"><ofd:TextCode>xs extension</ofd:TextCode></ofd:TextObject>
        <ofd:TextObject ID="4867" CTM="1 0 0 1 31.7 62.60000000000001"><ofd:TextCode>&lt;/ : &gt;</ofd:TextCode></ofd:TextObject>
        <ofd:TextObject ID="4868" CTM="1 0 0 1 31.7 68.80000000000001"><ofd:TextCode>xs sim leContent</ofd:TextCode></ofd:TextObject>
        <ofd:TextObject ID="4869" CTM="1 0 0 1 31.7 75.00000000000001"><ofd:TextCode>p</ofd:TextCode></ofd:TextObject>
        <ofd:TextObject ID="4870" CTM="1 0 0 1 31.7 81.20000000000002"><ofd:TextCode>&lt;/ : &gt;</ofd:TextCode></ofd:TextObject>
        <ofd:TextObject ID="4871" CTM="1 0 0 1 31.7 87.40000000000002"><ofd:TextCode>xs complexType</ofd:TextCode></ofd:TextObject>
        <ofd:TextObject ID="4872" CTM="1 0 0 1 31.7 93.60000000000002"><ofd:TextCode>&lt;/ : &gt;</ofd:TextCode></ofd:TextObject>
        <ofd:TextObject ID="4873" CTM="1 0 0 1 31.7 99.80000000000003"><ofd:TextCode>xs element</ofd:TextCode></ofd:TextObject>
        <ofd:TextObject ID="4874" CTM="1 0 0 1 31.7 106.00000000000003"><ofd:TextCode>&lt;/ : &gt;</ofd:TextCode></ofd:TextObject>
        <ofd:TextObject ID="4875" CTM="1 0 0 1 31.7 112.20000000000003"><ofd:TextCode>xs sequence</ofd:TextCode></ofd:TextObject>
        <ofd:TextObject ID="4876" CTM="1 0 0 1 31.7 118.40000000000003"><ofd:TextCode>&lt;/ : &gt;</ofd:TextCode></ofd:TextObject>
        <ofd:TextObject ID="4877" CTM="1 0 0 1 31.7 124.60000000000004"><ofd:TextCode>xs com lexT e</ofd:TextCode></ofd:TextObject>
        <ofd:TextObject ID="4878" CTM="1 0 0 1 31.7 130.80000000000004"><ofd:TextCode>p yp</ofd:TextCode></ofd:TextObject>
        <ofd:TextObject ID="4879" CTM="1 0 0 1 31.7 137.00000000000003"><ofd:TextCode>&lt;/ : &gt;</ofd:TextCode></ofd:TextObject>
        <ofd:TextObject ID="4880" CTM="1 0 0 1 31.7 143.20000000000002"><ofd:TextCode>xs element</ofd:TextCode></ofd:TextObject>
        </ofd:Layer>
    </ofd:Content>
</ofd:Page>
