﻿<?xml version="1.0" encoding="UTF-8"?>
<ofd:Page xmlns:ofd="http://www.ofdspec.org/2016">
    <ofd:Area>
        <ofd:PhysicalBox>0 0 210 297</ofd:PhysicalBox>
    </ofd:Area>
    <ofd:Content>
        <ofd:Layer ID="Layer1">
        <ofd:TextObject ID="5241" CTM="1 0 0 1 31.7 25.4"><ofd:TextCode>&lt;/ : &gt;</ofd:TextCode></ofd:TextObject>
        <ofd:TextObject ID="5242" CTM="1 0 0 1 31.7 31.599999999999998"><ofd:TextCode>xs sim leT e</ofd:TextCode></ofd:TextObject>
        <ofd:TextObject ID="5243" CTM="1 0 0 1 31.7 37.8"><ofd:TextCode>p yp</ofd:TextCode></ofd:TextObject>
        <ofd:TextObject ID="5244" CTM="1 0 0 1 31.7 44"><ofd:TextCode>&lt;/ : &gt;</ofd:TextCode></ofd:TextObject>
        <ofd:TextObject ID="5245" CTM="1 0 0 1 31.7 50.2"><ofd:TextCode>xs element</ofd:TextCode></ofd:TextObject>
        <ofd:TextObject ID="5246" CTM="1 0 0 1 31.7 56.400000000000006"><ofd:TextCode>&lt; : &gt;</ofd:TextCode></ofd:TextObject>
        <ofd:TextObject ID="5247" CTM="1 0 0 1 31.7 62.60000000000001"><ofd:TextCode>xs elementname=&quot;TabDisplay&quot;default=&quot;DocTitle&quot;minOccurs=&quot;0&quot;</ofd:TextCode></ofd:TextObject>
        <ofd:TextObject ID="5248" CTM="1 0 0 1 31.7 68.80000000000001"><ofd:TextCode>&lt; : &gt;</ofd:TextCode></ofd:TextObject>
        <ofd:TextObject ID="5249" CTM="1 0 0 1 31.7 75.00000000000001"><ofd:TextCode>xs simpleType</ofd:TextCode></ofd:TextObject>
        <ofd:TextObject ID="5250" CTM="1 0 0 1 31.7 81.20000000000002"><ofd:TextCode>&lt; : : &gt;</ofd:TextCode></ofd:TextObject>
        <ofd:TextObject ID="5251" CTM="1 0 0 1 31.7 87.40000000000002"><ofd:TextCode>xs restrictionbase=&quot;xs strin &quot;</ofd:TextCode></ofd:TextObject>
        <ofd:TextObject ID="5252" CTM="1 0 0 1 31.7 93.60000000000002"><ofd:TextCode>g</ofd:TextCode></ofd:TextObject>
        <ofd:TextObject ID="5253" CTM="1 0 0 1 31.7 99.80000000000003"><ofd:TextCode>&lt; : /&gt;</ofd:TextCode></ofd:TextObject>
        <ofd:TextObject ID="5254" CTM="1 0 0 1 31.7 106.00000000000003"><ofd:TextCode>xs enumerationvalue=&quot;DocTitle&quot;</ofd:TextCode></ofd:TextObject>
        <ofd:TextObject ID="5255" CTM="1 0 0 1 31.7 112.20000000000003"><ofd:TextCode>96</ofd:TextCode></ofd:TextObject>
        <ofd:TextObject ID="5256" CTM="1 0 0 1 31.7 118.40000000000003"><ofd:TextCode>
</ofd:TextCode></ofd:TextObject>
        <ofd:TextObject ID="5257" CTM="1 0 0 1 31.7 122.80000000000004"><ofd:TextCode>
=== 第 102 页 ===
</ofd:TextCode></ofd:TextObject>
        <ofd:TextObject ID="5258" CTM="1 0 0 1 31.7 128.80000000000004"><ofd:TextCode>/ —</ofd:TextCode></ofd:TextObject>
        <ofd:TextObject ID="5259" CTM="1 0 0 1 31.7 135.00000000000003"><ofd:TextCode>GB T 33190 2016</ofd:TextCode></ofd:TextObject>
        <ofd:TextObject ID="5260" CTM="1 0 0 1 31.7 141.20000000000002"><ofd:TextCode>&lt; : /&gt;</ofd:TextCode></ofd:TextObject>
        </ofd:Layer>
    </ofd:Content>
</ofd:Page>
