﻿<?xml version="1.0" encoding="UTF-8"?>
<ofd:Page xmlns:ofd="http://www.ofdspec.org/2016">
    <ofd:Area>
        <ofd:PhysicalBox>0 0 210 297</ofd:PhysicalBox>
    </ofd:Area>
    <ofd:Content>
        <ofd:Layer ID="Layer1">
        <ofd:TextObject ID="6101" CTM="1 0 0 1 31.7 25.4"><ofd:TextCode>xs sim leT ename=&quot;ST Loc&quot;</ofd:TextCode></ofd:TextObject>
        <ofd:TextObject ID="6102" CTM="1 0 0 1 31.7 31.599999999999998"><ofd:TextCode>p yp</ofd:TextCode></ofd:TextObject>
        <ofd:TextObject ID="6103" CTM="1 0 0 1 31.7 37.8"><ofd:TextCode>&lt; : : /&gt;</ofd:TextCode></ofd:TextObject>
        <ofd:TextObject ID="6104" CTM="1 0 0 1 31.7 44"><ofd:TextCode>xs restrictionbase=&quot;xs an URI&quot;</ofd:TextCode></ofd:TextObject>
        <ofd:TextObject ID="6105" CTM="1 0 0 1 31.7 50.2"><ofd:TextCode>y</ofd:TextCode></ofd:TextObject>
        <ofd:TextObject ID="6106" CTM="1 0 0 1 31.7 56.400000000000006"><ofd:TextCode>&lt;/ : &gt;</ofd:TextCode></ofd:TextObject>
        <ofd:TextObject ID="6107" CTM="1 0 0 1 31.7 62.60000000000001"><ofd:TextCode>xs simpleType</ofd:TextCode></ofd:TextObject>
        <ofd:TextObject ID="6108" CTM="1 0 0 1 31.7 68.80000000000001"><ofd:TextCode>&lt; : _ &gt;</ofd:TextCode></ofd:TextObject>
        <ofd:TextObject ID="6109" CTM="1 0 0 1 31.7 75.00000000000001"><ofd:TextCode>xs simpleTypename=&quot;ST Array&quot;</ofd:TextCode></ofd:TextObject>
        <ofd:TextObject ID="6110" CTM="1 0 0 1 31.7 81.20000000000002"><ofd:TextCode>&lt; : : /&gt;</ofd:TextCode></ofd:TextObject>
        <ofd:TextObject ID="6111" CTM="1 0 0 1 31.7 87.40000000000002"><ofd:TextCode>xs restrictionbase=&quot;xs strin &quot;</ofd:TextCode></ofd:TextObject>
        <ofd:TextObject ID="6112" CTM="1 0 0 1 31.7 93.60000000000002"><ofd:TextCode>g</ofd:TextCode></ofd:TextObject>
        <ofd:TextObject ID="6113" CTM="1 0 0 1 31.7 99.80000000000003"><ofd:TextCode>&lt;/ : &gt;</ofd:TextCode></ofd:TextObject>
        <ofd:TextObject ID="6114" CTM="1 0 0 1 31.7 106.00000000000003"><ofd:TextCode>xs simpleType</ofd:TextCode></ofd:TextObject>
        <ofd:TextObject ID="6115" CTM="1 0 0 1 31.7 112.20000000000003"><ofd:TextCode>&lt; : _ &gt;</ofd:TextCode></ofd:TextObject>
        <ofd:TextObject ID="6116" CTM="1 0 0 1 31.7 118.40000000000003"><ofd:TextCode>xs simpleTypename=&quot;ST Pos&quot;</ofd:TextCode></ofd:TextObject>
        <ofd:TextObject ID="6117" CTM="1 0 0 1 31.7 124.60000000000004"><ofd:TextCode>&lt; : : /&gt;</ofd:TextCode></ofd:TextObject>
        <ofd:TextObject ID="6118" CTM="1 0 0 1 31.7 130.80000000000004"><ofd:TextCode>xs restrictionbase=&quot;xs strin &quot;</ofd:TextCode></ofd:TextObject>
        <ofd:TextObject ID="6119" CTM="1 0 0 1 31.7 137.00000000000003"><ofd:TextCode>g</ofd:TextCode></ofd:TextObject>
        <ofd:TextObject ID="6120" CTM="1 0 0 1 31.7 143.20000000000002"><ofd:TextCode>&lt;/ : &gt;</ofd:TextCode></ofd:TextObject>
        </ofd:Layer>
    </ofd:Content>
</ofd:Page>
