﻿<?xml version="1.0" encoding="UTF-8"?>
<ofd:Page xmlns:ofd="http://www.ofdspec.org/2016">
    <ofd:Area>
        <ofd:PhysicalBox>0 0 210 297</ofd:PhysicalBox>
    </ofd:Area>
    <ofd:Content>
        <ofd:Layer ID="Layer1">
        <ofd:TextObject ID="2221" CTM="1 0 0 1 31.7 25.4"><ofd:TextCode>&lt;/ : &gt;</ofd:TextCode></ofd:TextObject>
        <ofd:TextObject ID="2222" CTM="1 0 0 1 31.7 31.599999999999998"><ofd:TextCode>ofdAxialShd</ofd:TextCode></ofd:TextObject>
        <ofd:TextObject ID="2223" CTM="1 0 0 1 31.7 37.8"><ofd:TextCode>&lt;/ : &gt;</ofd:TextCode></ofd:TextObject>
        <ofd:TextObject ID="2224" CTM="1 0 0 1 31.7 44"><ofd:TextCode>ofdFillColor</ofd:TextCode></ofd:TextObject>
        <ofd:TextObject ID="2225" CTM="1 0 0 1 31.7 50.2"><ofd:TextCode>&lt; : &gt; &lt;/ : &gt;</ofd:TextCode></ofd:TextObject>
        <ofd:TextObject ID="2226" CTM="1 0 0 1 31.7 56.400000000000006"><ofd:TextCode>ofdAbbreviatedDataM00L1400L14040L040C ofdAbbreviatedData</ofd:TextCode></ofd:TextObject>
        <ofd:TextObject ID="2227" CTM="1 0 0 1 31.7 62.60000000000001"><ofd:TextCode>&lt;/ : &gt;</ofd:TextCode></ofd:TextObject>
        <ofd:TextObject ID="2228" CTM="1 0 0 1 31.7 68.80000000000001"><ofd:TextCode>ofdPathObject</ofd:TextCode></ofd:TextObject>
        <ofd:TextObject ID="2229" CTM="1 0 0 1 31.7 75.00000000000001"><ofd:TextCode>&lt; : &gt;</ofd:TextCode></ofd:TextObject>
        <ofd:TextObject ID="2230" CTM="1 0 0 1 31.7 81.20000000000002"><ofd:TextCode>ofdPathObjectID=&quot;10006&quot;Boundary=&quot;106014040&quot;Fill=&quot;true&quot;</ofd:TextCode></ofd:TextObject>
        <ofd:TextObject ID="2231" CTM="1 0 0 1 31.7 87.40000000000002"><ofd:TextCode>&lt; : &gt;</ofd:TextCode></ofd:TextObject>
        <ofd:TextObject ID="2232" CTM="1 0 0 1 31.7 93.60000000000002"><ofd:TextCode>ofdFillColor</ofd:TextCode></ofd:TextObject>
        <ofd:TextObject ID="2233" CTM="1 0 0 1 31.7 99.80000000000003"><ofd:TextCode>&lt; : &gt;</ofd:TextCode></ofd:TextObject>
        <ofd:TextObject ID="2234" CTM="1 0 0 1 31.7 106.00000000000003"><ofd:TextCode>ofdAxialShdID=&quot;10007&quot;StartPoint=&quot;00&quot;EndPoint=&quot;1400&quot;MaT e=&quot;Reeat&quot;MaUnit=&quot;30&quot;</ofd:TextCode></ofd:TextObject>
        <ofd:TextObject ID="2235" CTM="1 0 0 1 31.7 112.20000000000003"><ofd:TextCode>pyp p p</ofd:TextCode></ofd:TextObject>
        <ofd:TextObject ID="2236" CTM="1 0 0 1 31.7 118.40000000000003"><ofd:TextCode>&lt; : &gt;</ofd:TextCode></ofd:TextObject>
        <ofd:TextObject ID="2237" CTM="1 0 0 1 31.7 124.60000000000004"><ofd:TextCode>ofdSegment</ofd:TextCode></ofd:TextObject>
        <ofd:TextObject ID="2238" CTM="1 0 0 1 31.7 130.80000000000004"><ofd:TextCode>&lt; : /&gt;</ofd:TextCode></ofd:TextObject>
        <ofd:TextObject ID="2239" CTM="1 0 0 1 31.7 137.00000000000003"><ofd:TextCode>ofdColorValue=&quot;2552550&quot;</ofd:TextCode></ofd:TextObject>
        <ofd:TextObject ID="2240" CTM="1 0 0 1 31.7 143.20000000000002"><ofd:TextCode>&lt;/ : &gt;</ofd:TextCode></ofd:TextObject>
        </ofd:Layer>
    </ofd:Content>
</ofd:Page>
