﻿<?xml version="1.0" encoding="UTF-8"?>
<ofd:Page xmlns:ofd="http://www.ofdspec.org/2016">
    <ofd:Area>
        <ofd:PhysicalBox>0 0 210 297</ofd:PhysicalBox>
    </ofd:Area>
    <ofd:Content>
        <ofd:Layer ID="Layer1">
        <ofd:TextObject ID="2101" CTM="1 0 0 1 31.7 25.4"><ofd:TextCode>MaT e Direct</ofd:TextCode></ofd:TextObject>
        <ofd:TextObject ID="2102" CTM="1 0 0 1 31.7 31.599999999999998"><ofd:TextCode>pyp</ofd:TextCode></ofd:TextObject>
        <ofd:TextObject ID="2103" CTM="1 0 0 1 31.7 37.8"><ofd:TextCode>: 可 选</ofd:TextCode></ofd:TextObject>
        <ofd:TextObject ID="2104" CTM="1 0 0 1 31.7 44"><ofd:TextCode>MaUnit xsdouble</ofd:TextCode></ofd:TextObject>
        <ofd:TextObject ID="2105" CTM="1 0 0 1 31.7 50.2"><ofd:TextCode>p</ofd:TextCode></ofd:TextObject>
        <ofd:TextObject ID="2106" CTM="1 0 0 1 31.7 56.400000000000006"><ofd:TextCode>默 认 值 为 轴 线 长 度</ofd:TextCode></ofd:TextObject>
        <ofd:TextObject ID="2107" CTM="1 0 0 1 31.7 62.60000000000001"><ofd:TextCode>轴 线 延 长 线 方 向 是 否 继 续 绘 制 渐 变。 可 选 值 为 、、、</ofd:TextCode></ofd:TextObject>
        <ofd:TextObject ID="2108" CTM="1 0 0 1 31.7 68.80000000000001"><ofd:TextCode>0123</ofd:TextCode></ofd:TextObject>
        <ofd:TextObject ID="2109" CTM="1 0 0 1 31.7 75.00000000000001"><ofd:TextCode>:</ofd:TextCode></ofd:TextObject>
        <ofd:TextObject ID="2110" CTM="1 0 0 1 31.7 81.20000000000002"><ofd:TextCode>不 向 两 侧 继 续 绘 制 渐 变</ofd:TextCode></ofd:TextObject>
        <ofd:TextObject ID="2111" CTM="1 0 0 1 31.7 87.40000000000002"><ofd:TextCode>0</ofd:TextCode></ofd:TextObject>
        <ofd:TextObject ID="2112" CTM="1 0 0 1 31.7 93.60000000000002"><ofd:TextCode>:在 结 束 点 至 起 始 点 延 长 线 方 向 绘 制 渐 变</ofd:TextCode></ofd:TextObject>
        <ofd:TextObject ID="2113" CTM="1 0 0 1 31.7 99.80000000000003"><ofd:TextCode>1</ofd:TextCode></ofd:TextObject>
        <ofd:TextObject ID="2114" CTM="1 0 0 1 31.7 106.00000000000003"><ofd:TextCode>: 可 选</ofd:TextCode></ofd:TextObject>
        <ofd:TextObject ID="2115" CTM="1 0 0 1 31.7 112.20000000000003"><ofd:TextCode>Extend xsint</ofd:TextCode></ofd:TextObject>
        <ofd:TextObject ID="2116" CTM="1 0 0 1 31.7 118.40000000000003"><ofd:TextCode>:在 起 始 点 至 结 束 点 延 长 线 方 向 绘 制 渐 变</ofd:TextCode></ofd:TextObject>
        <ofd:TextObject ID="2117" CTM="1 0 0 1 31.7 124.60000000000004"><ofd:TextCode>2</ofd:TextCode></ofd:TextObject>
        <ofd:TextObject ID="2118" CTM="1 0 0 1 31.7 130.80000000000004"><ofd:TextCode>:向 两 侧 延 长 线 方 向 绘 制 渐 变</ofd:TextCode></ofd:TextObject>
        <ofd:TextObject ID="2119" CTM="1 0 0 1 31.7 137.00000000000003"><ofd:TextCode>3</ofd:TextCode></ofd:TextObject>
        <ofd:TextObject ID="2120" CTM="1 0 0 1 31.7 143.20000000000002"><ofd:TextCode>默 认 值 为</ofd:TextCode></ofd:TextObject>
        </ofd:Layer>
    </ofd:Content>
</ofd:Page>
