﻿<?xml version="1.0" encoding="UTF-8"?>
<ofd:Page xmlns:ofd="http://www.ofdspec.org/2016">
    <ofd:Area>
        <ofd:PhysicalBox>0 0 210 297</ofd:PhysicalBox>
    </ofd:Area>
    <ofd:Content>
        <ofd:Layer ID="Layer1">
        <ofd:TextObject ID="5461" CTM="1 0 0 1 31.7 25.4"><ofd:TextCode>g</ofd:TextCode></ofd:TextObject>
        <ofd:TextObject ID="5462" CTM="1 0 0 1 31.7 31.599999999999998"><ofd:TextCode>&lt; : &gt;</ofd:TextCode></ofd:TextObject>
        <ofd:TextObject ID="5463" CTM="1 0 0 1 31.7 37.8"><ofd:TextCode>xs complexType</ofd:TextCode></ofd:TextObject>
        <ofd:TextObject ID="5464" CTM="1 0 0 1 31.7 44"><ofd:TextCode>&lt; : &gt;</ofd:TextCode></ofd:TextObject>
        <ofd:TextObject ID="5465" CTM="1 0 0 1 31.7 50.2"><ofd:TextCode>xs sequence</ofd:TextCode></ofd:TextObject>
        <ofd:TextObject ID="5466" CTM="1 0 0 1 31.7 56.400000000000006"><ofd:TextCode>&lt; : &gt;</ofd:TextCode></ofd:TextObject>
        <ofd:TextObject ID="5467" CTM="1 0 0 1 31.7 62.60000000000001"><ofd:TextCode>xs elementname=&quot;Annot&quot;maxOccurs=&quot;unbounded&quot;</ofd:TextCode></ofd:TextObject>
        <ofd:TextObject ID="5468" CTM="1 0 0 1 31.7 68.80000000000001"><ofd:TextCode>&lt; : &gt;</ofd:TextCode></ofd:TextObject>
        <ofd:TextObject ID="5469" CTM="1 0 0 1 31.7 75.00000000000001"><ofd:TextCode>xs complexType</ofd:TextCode></ofd:TextObject>
        <ofd:TextObject ID="5470" CTM="1 0 0 1 31.7 81.20000000000002"><ofd:TextCode>&lt; : &gt;</ofd:TextCode></ofd:TextObject>
        <ofd:TextObject ID="5471" CTM="1 0 0 1 31.7 87.40000000000002"><ofd:TextCode>xs sequence</ofd:TextCode></ofd:TextObject>
        <ofd:TextObject ID="5472" CTM="1 0 0 1 31.7 93.60000000000002"><ofd:TextCode>&lt; : :</ofd:TextCode></ofd:TextObject>
        <ofd:TextObject ID="5473" CTM="1 0 0 1 31.7 99.80000000000003"><ofd:TextCode>xs elementname=&quot;Remark&quot;type=&quot;xs string&quot;</ofd:TextCode></ofd:TextObject>
        <ofd:TextObject ID="5474" CTM="1 0 0 1 31.7 106.00000000000003"><ofd:TextCode>/&gt;</ofd:TextCode></ofd:TextObject>
        <ofd:TextObject ID="5475" CTM="1 0 0 1 31.7 112.20000000000003"><ofd:TextCode>minOccurs=&quot;0&quot;</ofd:TextCode></ofd:TextObject>
        <ofd:TextObject ID="5476" CTM="1 0 0 1 31.7 118.40000000000003"><ofd:TextCode>&lt; : &gt;</ofd:TextCode></ofd:TextObject>
        <ofd:TextObject ID="5477" CTM="1 0 0 1 31.7 124.60000000000004"><ofd:TextCode>xs elementname=&quot;Parameters&quot;minOccurs=&quot;0&quot;</ofd:TextCode></ofd:TextObject>
        <ofd:TextObject ID="5478" CTM="1 0 0 1 31.7 130.80000000000004"><ofd:TextCode>&lt; : &gt;</ofd:TextCode></ofd:TextObject>
        <ofd:TextObject ID="5479" CTM="1 0 0 1 31.7 137.00000000000003"><ofd:TextCode>xs complexType</ofd:TextCode></ofd:TextObject>
        <ofd:TextObject ID="5480" CTM="1 0 0 1 31.7 143.20000000000002"><ofd:TextCode>&lt; : &gt;</ofd:TextCode></ofd:TextObject>
        </ofd:Layer>
    </ofd:Content>
</ofd:Page>
