﻿<?xml version="1.0" encoding="UTF-8"?>
<ofd:Page xmlns:ofd="http://www.ofdspec.org/2016">
    <ofd:Area>
        <ofd:PhysicalBox>0 0 210 297</ofd:PhysicalBox>
    </ofd:Area>
    <ofd:Content>
        <ofd:Layer ID="Layer1">
        <ofd:TextObject ID="5401" CTM="1 0 0 1 31.7 25.4"><ofd:TextCode>p yp</ofd:TextCode></ofd:TextObject>
        <ofd:TextObject ID="5402" CTM="1 0 0 1 31.7 31.599999999999998"><ofd:TextCode>&lt; : &gt;</ofd:TextCode></ofd:TextObject>
        <ofd:TextObject ID="5403" CTM="1 0 0 1 31.7 37.8"><ofd:TextCode>xs se uence</ofd:TextCode></ofd:TextObject>
        <ofd:TextObject ID="5404" CTM="1 0 0 1 31.7 44"><ofd:TextCode>q</ofd:TextCode></ofd:TextObject>
        <ofd:TextObject ID="5405" CTM="1 0 0 1 31.7 50.2"><ofd:TextCode>&lt; : &gt;</ofd:TextCode></ofd:TextObject>
        <ofd:TextObject ID="5406" CTM="1 0 0 1 31.7 56.400000000000006"><ofd:TextCode>xs elementname=&quot;Page&quot;minOccurs=&quot;0&quot;maxOccurs=&quot;unbounded&quot;</ofd:TextCode></ofd:TextObject>
        <ofd:TextObject ID="5407" CTM="1 0 0 1 31.7 62.60000000000001"><ofd:TextCode>&lt; : &gt;</ofd:TextCode></ofd:TextObject>
        <ofd:TextObject ID="5408" CTM="1 0 0 1 31.7 68.80000000000001"><ofd:TextCode>xs complexType</ofd:TextCode></ofd:TextObject>
        <ofd:TextObject ID="5409" CTM="1 0 0 1 31.7 75.00000000000001"><ofd:TextCode>&lt; : &gt;</ofd:TextCode></ofd:TextObject>
        <ofd:TextObject ID="5410" CTM="1 0 0 1 31.7 81.20000000000002"><ofd:TextCode>xs se uence</ofd:TextCode></ofd:TextObject>
        <ofd:TextObject ID="5411" CTM="1 0 0 1 31.7 87.40000000000002"><ofd:TextCode>q</ofd:TextCode></ofd:TextObject>
        <ofd:TextObject ID="5412" CTM="1 0 0 1 31.7 93.60000000000002"><ofd:TextCode>&lt; : _ /&gt;</ofd:TextCode></ofd:TextObject>
        <ofd:TextObject ID="5413" CTM="1 0 0 1 31.7 99.80000000000003"><ofd:TextCode>xs elementname=&quot;FileLoc&quot;type=&quot;ST Loc&quot;</ofd:TextCode></ofd:TextObject>
        <ofd:TextObject ID="5414" CTM="1 0 0 1 31.7 106.00000000000003"><ofd:TextCode>&lt;/ : &gt;</ofd:TextCode></ofd:TextObject>
        <ofd:TextObject ID="5415" CTM="1 0 0 1 31.7 112.20000000000003"><ofd:TextCode>xs sequence</ofd:TextCode></ofd:TextObject>
        <ofd:TextObject ID="5416" CTM="1 0 0 1 31.7 118.40000000000003"><ofd:TextCode>&lt; : _</ofd:TextCode></ofd:TextObject>
        <ofd:TextObject ID="5417" CTM="1 0 0 1 31.7 124.60000000000004"><ofd:TextCode>xs attributename=&quot;Pa eID&quot;t e=&quot;ST RefID&quot;</ofd:TextCode></ofd:TextObject>
        <ofd:TextObject ID="5418" CTM="1 0 0 1 31.7 130.80000000000004"><ofd:TextCode>g yp</ofd:TextCode></ofd:TextObject>
        <ofd:TextObject ID="5419" CTM="1 0 0 1 31.7 137.00000000000003"><ofd:TextCode>/&gt;</ofd:TextCode></ofd:TextObject>
        <ofd:TextObject ID="5420" CTM="1 0 0 1 31.7 143.20000000000002"><ofd:TextCode>use=&quot;re uired&quot;</ofd:TextCode></ofd:TextObject>
        </ofd:Layer>
    </ofd:Content>
</ofd:Page>
