﻿<?xml version="1.0" encoding="UTF-8"?>
<ofd:Page xmlns:ofd="http://www.ofdspec.org/2016">
    <ofd:Area>
        <ofd:PhysicalBox>0 0 210 297</ofd:PhysicalBox>
    </ofd:Area>
    <ofd:Content>
        <ofd:Layer ID="Layer1">
        <ofd:TextObject ID="1621" CTM="1 0 0 1 31.7 25.4"><ofd:TextCode>X a Y d</ofd:TextCode></ofd:TextObject>
        <ofd:TextObject ID="1622" CTM="1 0 0 1 31.7 31.599999999999998"><ofd:TextCode>a 0 0</ofd:TextCode></ofd:TextObject>
        <ofd:TextObject ID="1623" CTM="1 0 0 1 31.7 37.8"><ofd:TextCode>é ù</ofd:TextCode></ofd:TextObject>
        <ofd:TextObject ID="1624" CTM="1 0 0 1 31.7 44"><ofd:TextCode>ê ú</ofd:TextCode></ofd:TextObject>
        <ofd:TextObject ID="1625" CTM="1 0 0 1 31.7 50.2"><ofd:TextCode>0 d 0</ofd:TextCode></ofd:TextObject>
        <ofd:TextObject ID="1626" CTM="1 0 0 1 31.7 56.400000000000006"><ofd:TextCode>ê ú</ofd:TextCode></ofd:TextObject>
        <ofd:TextObject ID="1627" CTM="1 0 0 1 31.7 62.60000000000001"><ofd:TextCode>ê ú</ofd:TextCode></ofd:TextObject>
        <ofd:TextObject ID="1628" CTM="1 0 0 1 31.7 68.80000000000001"><ofd:TextCode>ë û</ofd:TextCode></ofd:TextObject>
        <ofd:TextObject ID="1629" CTM="1 0 0 1 31.7 75.00000000000001"><ofd:TextCode>0 0 1</ofd:TextCode></ofd:TextObject>
        <ofd:TextObject ID="1630" CTM="1 0 0 1 31.7 81.20000000000002"><ofd:TextCode>。 (,)</ofd:TextCode></ofd:TextObject>
        <ofd:TextObject ID="1631" CTM="1 0 0 1 31.7 87.40000000000002"><ofd:TextCode>旋 转 将 点 顺 着 从 轴 正 半 部 分 向 轴 正 半 部 分 的 方 向 旋 转 角</ofd:TextCode></ofd:TextObject>
        <ofd:TextObject ID="1632" CTM="1 0 0 1 31.7 93.60000000000002"><ofd:TextCode>x y X Y α</ofd:TextCode></ofd:TextObject>
        <ofd:TextObject ID="1633" CTM="1 0 0 1 31.7 99.80000000000003"><ofd:TextCode>cosα sinα 0</ofd:TextCode></ofd:TextObject>
        <ofd:TextObject ID="1634" CTM="1 0 0 1 31.7 106.00000000000003"><ofd:TextCode>é ù</ofd:TextCode></ofd:TextObject>
        <ofd:TextObject ID="1635" CTM="1 0 0 1 31.7 112.20000000000003"><ofd:TextCode>ê ú</ofd:TextCode></ofd:TextObject>
        <ofd:TextObject ID="1636" CTM="1 0 0 1 31.7 118.40000000000003"><ofd:TextCode>-sinα cosα 0</ofd:TextCode></ofd:TextObject>
        <ofd:TextObject ID="1637" CTM="1 0 0 1 31.7 124.60000000000004"><ofd:TextCode>ê ú</ofd:TextCode></ofd:TextObject>
        <ofd:TextObject ID="1638" CTM="1 0 0 1 31.7 130.80000000000004"><ofd:TextCode>ê ú</ofd:TextCode></ofd:TextObject>
        <ofd:TextObject ID="1639" CTM="1 0 0 1 31.7 137.00000000000003"><ofd:TextCode>ë  0  0 1û</ofd:TextCode></ofd:TextObject>
        <ofd:TextObject ID="1640" CTM="1 0 0 1 31.7 143.20000000000002"><ofd:TextCode>切 变。 将 变 换 后 的 轴 向 轴 正 半 部 分 歪 斜 角,将 变 换 后 的 轴 向 轴 的 正</ofd:TextCode></ofd:TextObject>
        </ofd:Layer>
    </ofd:Content>
</ofd:Page>
