﻿<?xml version="1.0" encoding="UTF-8"?>
<ofd:Page xmlns:ofd="http://www.ofdspec.org/2016">
    <ofd:Area>
        <ofd:PhysicalBox>0 0 210 297</ofd:PhysicalBox>
    </ofd:Area>
    <ofd:Content>
        <ofd:Layer ID="Layer1">
        <ofd:TextObject ID="6221" CTM="1 0 0 1 31.7 25.4"><ofd:TextCode>p yp</ofd:TextCode></ofd:TextObject>
        <ofd:TextObject ID="6222" CTM="1 0 0 1 31.7 31.599999999999998"><ofd:TextCode>&lt; : :</ofd:TextCode></ofd:TextObject>
        <ofd:TextObject ID="6223" CTM="1 0 0 1 31.7 37.8"><ofd:TextCode>xs attributename=&quot;Name&quot;t e=&quot;xs strin &quot;</ofd:TextCode></ofd:TextObject>
        <ofd:TextObject ID="6224" CTM="1 0 0 1 31.7 44"><ofd:TextCode>yp g</ofd:TextCode></ofd:TextObject>
        <ofd:TextObject ID="6225" CTM="1 0 0 1 31.7 50.2"><ofd:TextCode>/&gt;</ofd:TextCode></ofd:TextObject>
        <ofd:TextObject ID="6226" CTM="1 0 0 1 31.7 56.400000000000006"><ofd:TextCode>use=&quot;required&quot;</ofd:TextCode></ofd:TextObject>
        <ofd:TextObject ID="6227" CTM="1 0 0 1 31.7 62.60000000000001"><ofd:TextCode>&lt;/ : &gt;</ofd:TextCode></ofd:TextObject>
        <ofd:TextObject ID="6228" CTM="1 0 0 1 31.7 68.80000000000001"><ofd:TextCode>xs complexType</ofd:TextCode></ofd:TextObject>
        <ofd:TextObject ID="6229" CTM="1 0 0 1 31.7 75.00000000000001"><ofd:TextCode>&lt;/ : &gt;</ofd:TextCode></ofd:TextObject>
        <ofd:TextObject ID="6230" CTM="1 0 0 1 31.7 81.20000000000002"><ofd:TextCode>xs element</ofd:TextCode></ofd:TextObject>
        <ofd:TextObject ID="6231" CTM="1 0 0 1 31.7 87.40000000000002"><ofd:TextCode>&lt;/ : &gt;</ofd:TextCode></ofd:TextObject>
        <ofd:TextObject ID="6232" CTM="1 0 0 1 31.7 93.60000000000002"><ofd:TextCode>xs choice</ofd:TextCode></ofd:TextObject>
        <ofd:TextObject ID="6233" CTM="1 0 0 1 31.7 99.80000000000003"><ofd:TextCode>&lt;/ : &gt;</ofd:TextCode></ofd:TextObject>
        <ofd:TextObject ID="6234" CTM="1 0 0 1 31.7 106.00000000000003"><ofd:TextCode>xs complexType</ofd:TextCode></ofd:TextObject>
        <ofd:TextObject ID="6235" CTM="1 0 0 1 31.7 112.20000000000003"><ofd:TextCode>&lt;/ : &gt;</ofd:TextCode></ofd:TextObject>
        <ofd:TextObject ID="6236" CTM="1 0 0 1 31.7 118.40000000000003"><ofd:TextCode>xs element</ofd:TextCode></ofd:TextObject>
        <ofd:TextObject ID="6237" CTM="1 0 0 1 31.7 124.60000000000004"><ofd:TextCode>&lt; : &gt;</ofd:TextCode></ofd:TextObject>
        <ofd:TextObject ID="6238" CTM="1 0 0 1 31.7 130.80000000000004"><ofd:TextCode>xs elementname=&quot;URI&quot;</ofd:TextCode></ofd:TextObject>
        <ofd:TextObject ID="6239" CTM="1 0 0 1 31.7 137.00000000000003"><ofd:TextCode>&lt; : &gt;</ofd:TextCode></ofd:TextObject>
        <ofd:TextObject ID="6240" CTM="1 0 0 1 31.7 143.20000000000002"><ofd:TextCode>xs complexType</ofd:TextCode></ofd:TextObject>
        </ofd:Layer>
    </ofd:Content>
</ofd:Page>
