﻿<?xml version="1.0" encoding="UTF-8"?>
<ofd:Page xmlns:ofd="http://www.ofdspec.org/2016">
    <ofd:Area>
        <ofd:PhysicalBox>0 0 210 297</ofd:PhysicalBox>
    </ofd:Area>
    <ofd:Content>
        <ofd:Layer ID="Layer1">
        <ofd:TextObject ID="5861" CTM="1 0 0 1 31.7 25.4"><ofd:TextCode>xs se uence</ofd:TextCode></ofd:TextObject>
        <ofd:TextObject ID="5862" CTM="1 0 0 1 31.7 31.599999999999998"><ofd:TextCode>q</ofd:TextCode></ofd:TextObject>
        <ofd:TextObject ID="5863" CTM="1 0 0 1 31.7 37.8"><ofd:TextCode>&lt; : &gt;</ofd:TextCode></ofd:TextObject>
        <ofd:TextObject ID="5864" CTM="1 0 0 1 31.7 44"><ofd:TextCode>xs elementname=&quot;Palette&quot;minOccurs=&quot;0&quot;</ofd:TextCode></ofd:TextObject>
        <ofd:TextObject ID="5865" CTM="1 0 0 1 31.7 50.2"><ofd:TextCode>&lt; : &gt;</ofd:TextCode></ofd:TextObject>
        <ofd:TextObject ID="5866" CTM="1 0 0 1 31.7 56.400000000000006"><ofd:TextCode>xs complexType</ofd:TextCode></ofd:TextObject>
        <ofd:TextObject ID="5867" CTM="1 0 0 1 31.7 62.60000000000001"><ofd:TextCode>&lt; : &gt;</ofd:TextCode></ofd:TextObject>
        <ofd:TextObject ID="5868" CTM="1 0 0 1 31.7 68.80000000000001"><ofd:TextCode>xs se uence</ofd:TextCode></ofd:TextObject>
        <ofd:TextObject ID="5869" CTM="1 0 0 1 31.7 75.00000000000001"><ofd:TextCode>q</ofd:TextCode></ofd:TextObject>
        <ofd:TextObject ID="5870" CTM="1 0 0 1 31.7 81.20000000000002"><ofd:TextCode>&lt; : _</ofd:TextCode></ofd:TextObject>
        <ofd:TextObject ID="5871" CTM="1 0 0 1 31.7 87.40000000000002"><ofd:TextCode>xs elementname=&quot;CV&quot;type=&quot;ST Array&quot;</ofd:TextCode></ofd:TextObject>
        <ofd:TextObject ID="5872" CTM="1 0 0 1 31.7 93.60000000000002"><ofd:TextCode>/&gt;</ofd:TextCode></ofd:TextObject>
        <ofd:TextObject ID="5873" CTM="1 0 0 1 31.7 99.80000000000003"><ofd:TextCode>maxOccurs=&quot;unbounded&quot;</ofd:TextCode></ofd:TextObject>
        <ofd:TextObject ID="5874" CTM="1 0 0 1 31.7 106.00000000000003"><ofd:TextCode>&lt;/ : &gt;</ofd:TextCode></ofd:TextObject>
        <ofd:TextObject ID="5875" CTM="1 0 0 1 31.7 112.20000000000003"><ofd:TextCode>xs sequence</ofd:TextCode></ofd:TextObject>
        <ofd:TextObject ID="5876" CTM="1 0 0 1 31.7 118.40000000000003"><ofd:TextCode>&lt;/ : &gt;</ofd:TextCode></ofd:TextObject>
        <ofd:TextObject ID="5877" CTM="1 0 0 1 31.7 124.60000000000004"><ofd:TextCode>xs com lexT e</ofd:TextCode></ofd:TextObject>
        <ofd:TextObject ID="5878" CTM="1 0 0 1 31.7 130.80000000000004"><ofd:TextCode>p yp</ofd:TextCode></ofd:TextObject>
        <ofd:TextObject ID="5879" CTM="1 0 0 1 31.7 137.00000000000003"><ofd:TextCode>&lt;/ : &gt;</ofd:TextCode></ofd:TextObject>
        <ofd:TextObject ID="5880" CTM="1 0 0 1 31.7 143.20000000000002"><ofd:TextCode>xs element</ofd:TextCode></ofd:TextObject>
        </ofd:Layer>
    </ofd:Content>
</ofd:Page>
