﻿<?xml version="1.0" encoding="UTF-8"?>
<ofd:Page xmlns:ofd="http://www.ofdspec.org/2016">
    <ofd:Area>
        <ofd:PhysicalBox>0 0 210 297</ofd:PhysicalBox>
    </ofd:Area>
    <ofd:Content>
        <ofd:Layer ID="Layer1">
        <ofd:TextObject ID="1221" CTM="1 0 0 1 31.7 25.4"><ofd:TextCode>_ 则 使 用 模 板 页 中 的 定 义,如 果 模 板 页 不 存 在 或 模 板 页 中 没 有 定 义 页 可 选</ofd:TextCode></ofd:TextObject>
        <ofd:TextObject ID="1222" CTM="1 0 0 1 31.7 31.599999999999998"><ofd:TextCode>Area CTPaeArea</ofd:TextCode></ofd:TextObject>
        <ofd:TextObject ID="1223" CTM="1 0 0 1 31.7 37.8"><ofd:TextCode>g</ofd:TextCode></ofd:TextObject>
        <ofd:TextObject ID="1224" CTM="1 0 0 1 31.7 44"><ofd:TextCode>面 区 域,则 使 用 文 件 中 的 定 义</ofd:TextCode></ofd:TextObject>
        <ofd:TextObject ID="1225" CTM="1 0 0 1 31.7 50.2"><ofd:TextCode>CommonData</ofd:TextCode></ofd:TextObject>
        <ofd:TextObject ID="1226" CTM="1 0 0 1 31.7 56.400000000000006"><ofd:TextCode>_ 页 资 源,指 向 该 页 使 用 的 资 源 文 件 可 选</ofd:TextCode></ofd:TextObject>
        <ofd:TextObject ID="1227" CTM="1 0 0 1 31.7 62.60000000000001"><ofd:TextCode>PageRes STLoc</ofd:TextCode></ofd:TextObject>
        <ofd:TextObject ID="1228" CTM="1 0 0 1 31.7 68.80000000000001"><ofd:TextCode>, ,</ofd:TextCode></ofd:TextObject>
        <ofd:TextObject ID="1229" CTM="1 0 0 1 31.7 75.00000000000001"><ofd:TextCode>页 面 内 容 描 述 该 节 点 不 存 在 时 表 示 空 白 页 可 选</ofd:TextCode></ofd:TextObject>
        <ofd:TextObject ID="1230" CTM="1 0 0 1 31.7 81.20000000000002"><ofd:TextCode>Content</ofd:TextCode></ofd:TextObject>
        <ofd:TextObject ID="1231" CTM="1 0 0 1 31.7 87.40000000000002"><ofd:TextCode>18</ofd:TextCode></ofd:TextObject>
        <ofd:TextObject ID="1232" CTM="1 0 0 1 31.7 93.60000000000002"><ofd:TextCode>
</ofd:TextCode></ofd:TextObject>
        <ofd:TextObject ID="1233" CTM="1 0 0 1 31.7 98.00000000000003"><ofd:TextCode>
=== 第 24 页 ===
</ofd:TextCode></ofd:TextObject>
        <ofd:TextObject ID="1234" CTM="1 0 0 1 31.7 104.00000000000003"><ofd:TextCode>/ —</ofd:TextCode></ofd:TextObject>
        <ofd:TextObject ID="1235" CTM="1 0 0 1 31.7 110.20000000000003"><ofd:TextCode>GB T 33190 2016</ofd:TextCode></ofd:TextObject>
        <ofd:TextObject ID="1236" CTM="1 0 0 1 31.7 116.40000000000003"><ofd:TextCode>表 (续)</ofd:TextCode></ofd:TextObject>
        <ofd:TextObject ID="1237" CTM="1 0 0 1 31.7 122.60000000000004"><ofd:TextCode>12</ofd:TextCode></ofd:TextObject>
        <ofd:TextObject ID="1238" CTM="1 0 0 1 31.7 128.80000000000004"><ofd:TextCode>名 称 类 型 说 明 备 注</ofd:TextCode></ofd:TextObject>
        <ofd:TextObject ID="1239" CTM="1 0 0 1 31.7 135.00000000000003"><ofd:TextCode>_ 层 节 点,一 页 可 包 含 一 个 或 多 个 层 必 选</ofd:TextCode></ofd:TextObject>
        <ofd:TextObject ID="1240" CTM="1 0 0 1 31.7 141.20000000000002"><ofd:TextCode>Laer CTLaer</ofd:TextCode></ofd:TextObject>
        </ofd:Layer>
    </ofd:Content>
</ofd:Page>
