﻿<?xml version="1.0" encoding="UTF-8"?>
<ofd:Page xmlns:ofd="http://www.ofdspec.org/2016">
    <ofd:Area>
        <ofd:PhysicalBox>0 0 210 297</ofd:PhysicalBox>
    </ofd:Area>
    <ofd:Content>
        <ofd:Layer ID="Layer1">
        <ofd:TextObject ID="4941" CTM="1 0 0 1 31.7 25.4"><ofd:TextCode>use=&quot;required&quot;</ofd:TextCode></ofd:TextObject>
        <ofd:TextObject ID="4942" CTM="1 0 0 1 31.7 31.599999999999998"><ofd:TextCode>&lt; : : /&gt;</ofd:TextCode></ofd:TextObject>
        <ofd:TextObject ID="4943" CTM="1 0 0 1 31.7 37.8"><ofd:TextCode>xs attributename=&quot;Name&quot;t e=&quot;xs strin &quot;</ofd:TextCode></ofd:TextObject>
        <ofd:TextObject ID="4944" CTM="1 0 0 1 31.7 44"><ofd:TextCode>yp g</ofd:TextCode></ofd:TextObject>
        <ofd:TextObject ID="4945" CTM="1 0 0 1 31.7 50.2"><ofd:TextCode>&lt; : &gt;</ofd:TextCode></ofd:TextObject>
        <ofd:TextObject ID="4946" CTM="1 0 0 1 31.7 56.400000000000006"><ofd:TextCode>xs attributename=&quot;ZOrder&quot;</ofd:TextCode></ofd:TextObject>
        <ofd:TextObject ID="4947" CTM="1 0 0 1 31.7 62.60000000000001"><ofd:TextCode>93</ofd:TextCode></ofd:TextObject>
        <ofd:TextObject ID="4948" CTM="1 0 0 1 31.7 68.80000000000001"><ofd:TextCode>
</ofd:TextCode></ofd:TextObject>
        <ofd:TextObject ID="4949" CTM="1 0 0 1 31.7 73.20000000000002"><ofd:TextCode>
=== 第 99 页 ===
</ofd:TextCode></ofd:TextObject>
        <ofd:TextObject ID="4950" CTM="1 0 0 1 31.7 79.20000000000002"><ofd:TextCode>/ —</ofd:TextCode></ofd:TextObject>
        <ofd:TextObject ID="4951" CTM="1 0 0 1 31.7 85.40000000000002"><ofd:TextCode>GB T 33190 2016</ofd:TextCode></ofd:TextObject>
        <ofd:TextObject ID="4952" CTM="1 0 0 1 31.7 91.60000000000002"><ofd:TextCode>&lt; : &gt;</ofd:TextCode></ofd:TextObject>
        <ofd:TextObject ID="4953" CTM="1 0 0 1 31.7 97.80000000000003"><ofd:TextCode>xs simpleType</ofd:TextCode></ofd:TextObject>
        <ofd:TextObject ID="4954" CTM="1 0 0 1 31.7 104.00000000000003"><ofd:TextCode>&lt; : : &gt;</ofd:TextCode></ofd:TextObject>
        <ofd:TextObject ID="4955" CTM="1 0 0 1 31.7 110.20000000000003"><ofd:TextCode>xs restrictionbase=&quot;xs strin &quot;</ofd:TextCode></ofd:TextObject>
        <ofd:TextObject ID="4956" CTM="1 0 0 1 31.7 116.40000000000003"><ofd:TextCode>g</ofd:TextCode></ofd:TextObject>
        <ofd:TextObject ID="4957" CTM="1 0 0 1 31.7 122.60000000000004"><ofd:TextCode>&lt; :</ofd:TextCode></ofd:TextObject>
        <ofd:TextObject ID="4958" CTM="1 0 0 1 31.7 128.80000000000004"><ofd:TextCode>xs enumeration</ofd:TextCode></ofd:TextObject>
        <ofd:TextObject ID="4959" CTM="1 0 0 1 31.7 135.00000000000003"><ofd:TextCode>/&gt;</ofd:TextCode></ofd:TextObject>
        <ofd:TextObject ID="4960" CTM="1 0 0 1 31.7 141.20000000000002"><ofd:TextCode>value=&quot;Background&quot;</ofd:TextCode></ofd:TextObject>
        </ofd:Layer>
    </ofd:Content>
</ofd:Page>
