﻿<?xml version="1.0" encoding="UTF-8"?>
<ofd:Page xmlns:ofd="http://www.ofdspec.org/2016">
    <ofd:Area>
        <ofd:PhysicalBox>0 0 210 297</ofd:PhysicalBox>
    </ofd:Area>
    <ofd:Content>
        <ofd:Layer ID="Layer1">
        <ofd:TextObject ID="2181" CTM="1 0 0 1 31.7 25.4"><ofd:TextCode>ofdSement</ofd:TextCode></ofd:TextObject>
        <ofd:TextObject ID="2182" CTM="1 0 0 1 31.7 31.599999999999998"><ofd:TextCode>g</ofd:TextCode></ofd:TextObject>
        <ofd:TextObject ID="2183" CTM="1 0 0 1 31.7 37.8"><ofd:TextCode>&lt; : /&gt;</ofd:TextCode></ofd:TextObject>
        <ofd:TextObject ID="2184" CTM="1 0 0 1 31.7 44"><ofd:TextCode>ofdColorValue=&quot;00255&quot;</ofd:TextCode></ofd:TextObject>
        <ofd:TextObject ID="2185" CTM="1 0 0 1 31.7 50.2"><ofd:TextCode>&lt;/ : &gt;</ofd:TextCode></ofd:TextObject>
        <ofd:TextObject ID="2186" CTM="1 0 0 1 31.7 56.400000000000006"><ofd:TextCode>ofdSegment</ofd:TextCode></ofd:TextObject>
        <ofd:TextObject ID="2187" CTM="1 0 0 1 31.7 62.60000000000001"><ofd:TextCode>&lt;/ : &gt;</ofd:TextCode></ofd:TextObject>
        <ofd:TextObject ID="2188" CTM="1 0 0 1 31.7 68.80000000000001"><ofd:TextCode>ofdAxialShd</ofd:TextCode></ofd:TextObject>
        <ofd:TextObject ID="2189" CTM="1 0 0 1 31.7 75.00000000000001"><ofd:TextCode>&lt;/ : &gt;</ofd:TextCode></ofd:TextObject>
        <ofd:TextObject ID="2190" CTM="1 0 0 1 31.7 81.20000000000002"><ofd:TextCode>ofdFillColor</ofd:TextCode></ofd:TextObject>
        <ofd:TextObject ID="2191" CTM="1 0 0 1 31.7 87.40000000000002"><ofd:TextCode>&lt; : &gt; &lt;/ : &gt;</ofd:TextCode></ofd:TextObject>
        <ofd:TextObject ID="2192" CTM="1 0 0 1 31.7 93.60000000000002"><ofd:TextCode>ofdAbbreviatedDataM00L1400L14040L040C ofdAbbreviatedData</ofd:TextCode></ofd:TextObject>
        <ofd:TextObject ID="2193" CTM="1 0 0 1 31.7 99.80000000000003"><ofd:TextCode>&lt;/ : &gt;</ofd:TextCode></ofd:TextObject>
        <ofd:TextObject ID="2194" CTM="1 0 0 1 31.7 106.00000000000003"><ofd:TextCode>ofdPathObject</ofd:TextCode></ofd:TextObject>
        <ofd:TextObject ID="2195" CTM="1 0 0 1 31.7 112.20000000000003"><ofd:TextCode>37</ofd:TextCode></ofd:TextObject>
        <ofd:TextObject ID="2196" CTM="1 0 0 1 31.7 118.40000000000003"><ofd:TextCode>
</ofd:TextCode></ofd:TextObject>
        <ofd:TextObject ID="2197" CTM="1 0 0 1 31.7 122.80000000000004"><ofd:TextCode>
=== 第 43 页 ===
</ofd:TextCode></ofd:TextObject>
        <ofd:TextObject ID="2198" CTM="1 0 0 1 31.7 128.80000000000004"><ofd:TextCode>/ —</ofd:TextCode></ofd:TextObject>
        <ofd:TextObject ID="2199" CTM="1 0 0 1 31.7 135.00000000000003"><ofd:TextCode>GB T 33190 2016</ofd:TextCode></ofd:TextObject>
        <ofd:TextObject ID="2200" CTM="1 0 0 1 31.7 141.20000000000002"><ofd:TextCode>&lt; : &gt;</ofd:TextCode></ofd:TextObject>
        </ofd:Layer>
    </ofd:Content>
</ofd:Page>
