﻿<?xml version="1.0" encoding="UTF-8"?>
<ofd:Page xmlns:ofd="http://www.ofdspec.org/2016">
    <ofd:Area>
        <ofd:PhysicalBox>0 0 210 297</ofd:PhysicalBox>
    </ofd:Area>
    <ofd:Content>
        <ofd:Layer ID="Layer1">
        <ofd:TextObject ID="2621" CTM="1 0 0 1 31.7 25.4"><ofd:TextCode>&lt; : &gt;</ofd:TextCode></ofd:TextObject>
        <ofd:TextObject ID="2622" CTM="1 0 0 1 31.7 31.599999999999998"><ofd:TextCode>ofdSement</ofd:TextCode></ofd:TextObject>
        <ofd:TextObject ID="2623" CTM="1 0 0 1 31.7 37.8"><ofd:TextCode>g</ofd:TextCode></ofd:TextObject>
        <ofd:TextObject ID="2624" CTM="1 0 0 1 31.7 44"><ofd:TextCode>&lt; : /&gt;</ofd:TextCode></ofd:TextObject>
        <ofd:TextObject ID="2625" CTM="1 0 0 1 31.7 50.2"><ofd:TextCode>ofdColorValue=&quot;00255&quot;</ofd:TextCode></ofd:TextObject>
        <ofd:TextObject ID="2626" CTM="1 0 0 1 31.7 56.400000000000006"><ofd:TextCode>&lt;/ : &gt;</ofd:TextCode></ofd:TextObject>
        <ofd:TextObject ID="2627" CTM="1 0 0 1 31.7 62.60000000000001"><ofd:TextCode>ofdSement</ofd:TextCode></ofd:TextObject>
        <ofd:TextObject ID="2628" CTM="1 0 0 1 31.7 68.80000000000001"><ofd:TextCode>g</ofd:TextCode></ofd:TextObject>
        <ofd:TextObject ID="2629" CTM="1 0 0 1 31.7 75.00000000000001"><ofd:TextCode>&lt;/ : &gt;</ofd:TextCode></ofd:TextObject>
        <ofd:TextObject ID="2630" CTM="1 0 0 1 31.7 81.20000000000002"><ofd:TextCode>ofdRadialShd</ofd:TextCode></ofd:TextObject>
        <ofd:TextObject ID="2631" CTM="1 0 0 1 31.7 87.40000000000002"><ofd:TextCode>&lt;/ : &gt;</ofd:TextCode></ofd:TextObject>
        <ofd:TextObject ID="2632" CTM="1 0 0 1 31.7 93.60000000000002"><ofd:TextCode>ofdFillColor</ofd:TextCode></ofd:TextObject>
        <ofd:TextObject ID="2633" CTM="1 0 0 1 31.7 99.80000000000003"><ofd:TextCode>&lt; : &gt; &lt;/ : &gt;</ofd:TextCode></ofd:TextObject>
        <ofd:TextObject ID="2634" CTM="1 0 0 1 31.7 106.00000000000003"><ofd:TextCode>ofdAbbreviatedDataM00L2000L200150L0150C ofdAbbreviatedData</ofd:TextCode></ofd:TextObject>
        <ofd:TextObject ID="2635" CTM="1 0 0 1 31.7 112.20000000000003"><ofd:TextCode>&lt;/ : &gt;</ofd:TextCode></ofd:TextObject>
        <ofd:TextObject ID="2636" CTM="1 0 0 1 31.7 118.40000000000003"><ofd:TextCode>ofdPathObect</ofd:TextCode></ofd:TextObject>
        <ofd:TextObject ID="2637" CTM="1 0 0 1 31.7 124.60000000000004"><ofd:TextCode>j</ofd:TextCode></ofd:TextObject>
        <ofd:TextObject ID="2638" CTM="1 0 0 1 31.7 130.80000000000004"><ofd:TextCode>&lt; : &gt;</ofd:TextCode></ofd:TextObject>
        <ofd:TextObject ID="2639" CTM="1 0 0 1 31.7 137.00000000000003"><ofd:TextCode>ofdPathObectID=&quot;10011&quot;Boundar=&quot;350250200150&quot;Fill=&quot;true&quot;</ofd:TextCode></ofd:TextObject>
        <ofd:TextObject ID="2640" CTM="1 0 0 1 31.7 143.20000000000002"><ofd:TextCode>j y</ofd:TextCode></ofd:TextObject>
        </ofd:Layer>
    </ofd:Content>
</ofd:Page>
