﻿<?xml version="1.0" encoding="UTF-8"?>
<ofd:Page xmlns:ofd="http://www.ofdspec.org/2016">
    <ofd:Area>
        <ofd:PhysicalBox>0 0 210 297</ofd:PhysicalBox>
    </ofd:Area>
    <ofd:Content>
        <ofd:Layer ID="Layer1">
        <ofd:TextObject ID="5661" CTM="1 0 0 1 31.7 25.4"><ofd:TextCode>&lt; : &gt;</ofd:TextCode></ofd:TextObject>
        <ofd:TextObject ID="5662" CTM="1 0 0 1 31.7 31.599999999999998"><ofd:TextCode>xs elementname=&quot;ColorSpace&quot;maxOccurs=&quot;unbounded&quot;</ofd:TextCode></ofd:TextObject>
        <ofd:TextObject ID="5663" CTM="1 0 0 1 31.7 37.8"><ofd:TextCode>&lt; : &gt;</ofd:TextCode></ofd:TextObject>
        <ofd:TextObject ID="5664" CTM="1 0 0 1 31.7 44"><ofd:TextCode>xs com lexT e</ofd:TextCode></ofd:TextObject>
        <ofd:TextObject ID="5665" CTM="1 0 0 1 31.7 50.2"><ofd:TextCode>p yp</ofd:TextCode></ofd:TextObject>
        <ofd:TextObject ID="5666" CTM="1 0 0 1 31.7 56.400000000000006"><ofd:TextCode>&lt; : &gt;</ofd:TextCode></ofd:TextObject>
        <ofd:TextObject ID="5667" CTM="1 0 0 1 31.7 62.60000000000001"><ofd:TextCode>xs complexContent</ofd:TextCode></ofd:TextObject>
        <ofd:TextObject ID="5668" CTM="1 0 0 1 31.7 68.80000000000001"><ofd:TextCode>&lt; : _ &gt;</ofd:TextCode></ofd:TextObject>
        <ofd:TextObject ID="5669" CTM="1 0 0 1 31.7 75.00000000000001"><ofd:TextCode>xs extensionbase=&quot;CT ColorSpace&quot;</ofd:TextCode></ofd:TextObject>
        <ofd:TextObject ID="5670" CTM="1 0 0 1 31.7 81.20000000000002"><ofd:TextCode>&lt; : _</ofd:TextCode></ofd:TextObject>
        <ofd:TextObject ID="5671" CTM="1 0 0 1 31.7 87.40000000000002"><ofd:TextCode>xs attributename=&quot;ID&quot;type=&quot;ST ID&quot;</ofd:TextCode></ofd:TextObject>
        <ofd:TextObject ID="5672" CTM="1 0 0 1 31.7 93.60000000000002"><ofd:TextCode>/&gt;</ofd:TextCode></ofd:TextObject>
        <ofd:TextObject ID="5673" CTM="1 0 0 1 31.7 99.80000000000003"><ofd:TextCode>use=&quot;re uired&quot;</ofd:TextCode></ofd:TextObject>
        <ofd:TextObject ID="5674" CTM="1 0 0 1 31.7 106.00000000000003"><ofd:TextCode>q</ofd:TextCode></ofd:TextObject>
        <ofd:TextObject ID="5675" CTM="1 0 0 1 31.7 112.20000000000003"><ofd:TextCode>&lt;/ : &gt;</ofd:TextCode></ofd:TextObject>
        <ofd:TextObject ID="5676" CTM="1 0 0 1 31.7 118.40000000000003"><ofd:TextCode>xs extension</ofd:TextCode></ofd:TextObject>
        <ofd:TextObject ID="5677" CTM="1 0 0 1 31.7 124.60000000000004"><ofd:TextCode>&lt;/ : &gt;</ofd:TextCode></ofd:TextObject>
        <ofd:TextObject ID="5678" CTM="1 0 0 1 31.7 130.80000000000004"><ofd:TextCode>xs complexContent</ofd:TextCode></ofd:TextObject>
        <ofd:TextObject ID="5679" CTM="1 0 0 1 31.7 137.00000000000003"><ofd:TextCode>&lt;/ : &gt;</ofd:TextCode></ofd:TextObject>
        <ofd:TextObject ID="5680" CTM="1 0 0 1 31.7 143.20000000000002"><ofd:TextCode>xs com lexT e</ofd:TextCode></ofd:TextObject>
        </ofd:Layer>
    </ofd:Content>
</ofd:Page>
