﻿<?xml version="1.0" encoding="UTF-8"?>
<ofd:Document xmlns:ofd="http://www.ofdspec.org/2016">
    <ofd:CommonData>
        <ofd:PageArea>
            <ofd:PhysicalBox>0 0 210 297</ofd:PhysicalBox>
        </ofd:PageArea>
    </ofd:CommonData>
    <ofd:Pages>
        <ofd:Page ID="1" BaseLoc="Pages/Page_1.xml"/>
        <ofd:Page ID="2" BaseLoc="Pages/Page_2.xml"/>
        <ofd:Page ID="3" BaseLoc="Pages/Page_3.xml"/>
        <ofd:Page ID="4" BaseLoc="Pages/Page_4.xml"/>
        <ofd:Page ID="5" BaseLoc="Pages/Page_5.xml"/>
        <ofd:Page ID="6" BaseLoc="Pages/Page_6.xml"/>
        <ofd:Page ID="7" BaseLoc="Pages/Page_7.xml"/>
        <ofd:Page ID="8" BaseLoc="Pages/Page_8.xml"/>
        <ofd:Page ID="9" BaseLoc="Pages/Page_9.xml"/>
        <ofd:Page ID="10" BaseLoc="Pages/Page_10.xml"/>
        <ofd:Page ID="11" BaseLoc="Pages/Page_11.xml"/>
        <ofd:Page ID="12" BaseLoc="Pages/Page_12.xml"/>
        <ofd:Page ID="13" BaseLoc="Pages/Page_13.xml"/>
        <ofd:Page ID="14" BaseLoc="Pages/Page_14.xml"/>
        <ofd:Page ID="15" BaseLoc="Pages/Page_15.xml"/>
        <ofd:Page ID="16" BaseLoc="Pages/Page_16.xml"/>
        <ofd:Page ID="17" BaseLoc="Pages/Page_17.xml"/>
        <ofd:Page ID="18" BaseLoc="Pages/Page_18.xml"/>
        <ofd:Page ID="19" BaseLoc="Pages/Page_19.xml"/>
        <ofd:Page ID="20" BaseLoc="Pages/Page_20.xml"/>
        <ofd:Page ID="21" BaseLoc="Pages/Page_21.xml"/>
        <ofd:Page ID="22" BaseLoc="Pages/Page_22.xml"/>
        <ofd:Page ID="23" BaseLoc="Pages/Page_23.xml"/>
        <ofd:Page ID="24" BaseLoc="Pages/Page_24.xml"/>
        <ofd:Page ID="25" BaseLoc="Pages/Page_25.xml"/>
        <ofd:Page ID="26" BaseLoc="Pages/Page_26.xml"/>
        <ofd:Page ID="27" BaseLoc="Pages/Page_27.xml"/>
        <ofd:Page ID="28" BaseLoc="Pages/Page_28.xml"/>
        <ofd:Page ID="29" BaseLoc="Pages/Page_29.xml"/>
        <ofd:Page ID="30" BaseLoc="Pages/Page_30.xml"/>
        <ofd:Page ID="31" BaseLoc="Pages/Page_31.xml"/>
        <ofd:Page ID="32" BaseLoc="Pages/Page_32.xml"/>
        <ofd:Page ID="33" BaseLoc="Pages/Page_33.xml"/>
        <ofd:Page ID="34" BaseLoc="Pages/Page_34.xml"/>
        <ofd:Page ID="35" BaseLoc="Pages/Page_35.xml"/>
        <ofd:Page ID="36" BaseLoc="Pages/Page_36.xml"/>
        <ofd:Page ID="37" BaseLoc="Pages/Page_37.xml"/>
        <ofd:Page ID="38" BaseLoc="Pages/Page_38.xml"/>
        <ofd:Page ID="39" BaseLoc="Pages/Page_39.xml"/>
        <ofd:Page ID="40" BaseLoc="Pages/Page_40.xml"/>
        <ofd:Page ID="41" BaseLoc="Pages/Page_41.xml"/>
        <ofd:Page ID="42" BaseLoc="Pages/Page_42.xml"/>
        <ofd:Page ID="43" BaseLoc="Pages/Page_43.xml"/>
        <ofd:Page ID="44" BaseLoc="Pages/Page_44.xml"/>
        <ofd:Page ID="45" BaseLoc="Pages/Page_45.xml"/>
        <ofd:Page ID="46" BaseLoc="Pages/Page_46.xml"/>
        <ofd:Page ID="47" BaseLoc="Pages/Page_47.xml"/>
        <ofd:Page ID="48" BaseLoc="Pages/Page_48.xml"/>
        <ofd:Page ID="49" BaseLoc="Pages/Page_49.xml"/>
        <ofd:Page ID="50" BaseLoc="Pages/Page_50.xml"/>
        <ofd:Page ID="51" BaseLoc="Pages/Page_51.xml"/>
        <ofd:Page ID="52" BaseLoc="Pages/Page_52.xml"/>
        <ofd:Page ID="53" BaseLoc="Pages/Page_53.xml"/>
        <ofd:Page ID="54" BaseLoc="Pages/Page_54.xml"/>
        <ofd:Page ID="55" BaseLoc="Pages/Page_55.xml"/>
        <ofd:Page ID="56" BaseLoc="Pages/Page_56.xml"/>
        <ofd:Page ID="57" BaseLoc="Pages/Page_57.xml"/>
        <ofd:Page ID="58" BaseLoc="Pages/Page_58.xml"/>
        <ofd:Page ID="59" BaseLoc="Pages/Page_59.xml"/>
        <ofd:Page ID="60" BaseLoc="Pages/Page_60.xml"/>
        <ofd:Page ID="61" BaseLoc="Pages/Page_61.xml"/>
        <ofd:Page ID="62" BaseLoc="Pages/Page_62.xml"/>
        <ofd:Page ID="63" BaseLoc="Pages/Page_63.xml"/>
        <ofd:Page ID="64" BaseLoc="Pages/Page_64.xml"/>
        <ofd:Page ID="65" BaseLoc="Pages/Page_65.xml"/>
        <ofd:Page ID="66" BaseLoc="Pages/Page_66.xml"/>
        <ofd:Page ID="67" BaseLoc="Pages/Page_67.xml"/>
        <ofd:Page ID="68" BaseLoc="Pages/Page_68.xml"/>
        <ofd:Page ID="69" BaseLoc="Pages/Page_69.xml"/>
        <ofd:Page ID="70" BaseLoc="Pages/Page_70.xml"/>
        <ofd:Page ID="71" BaseLoc="Pages/Page_71.xml"/>
        <ofd:Page ID="72" BaseLoc="Pages/Page_72.xml"/>
        <ofd:Page ID="73" BaseLoc="Pages/Page_73.xml"/>
        <ofd:Page ID="74" BaseLoc="Pages/Page_74.xml"/>
        <ofd:Page ID="75" BaseLoc="Pages/Page_75.xml"/>
        <ofd:Page ID="76" BaseLoc="Pages/Page_76.xml"/>
        <ofd:Page ID="77" BaseLoc="Pages/Page_77.xml"/>
        <ofd:Page ID="78" BaseLoc="Pages/Page_78.xml"/>
        <ofd:Page ID="79" BaseLoc="Pages/Page_79.xml"/>
        <ofd:Page ID="80" BaseLoc="Pages/Page_80.xml"/>
        <ofd:Page ID="81" BaseLoc="Pages/Page_81.xml"/>
        <ofd:Page ID="82" BaseLoc="Pages/Page_82.xml"/>
        <ofd:Page ID="83" BaseLoc="Pages/Page_83.xml"/>
        <ofd:Page ID="84" BaseLoc="Pages/Page_84.xml"/>
        <ofd:Page ID="85" BaseLoc="Pages/Page_85.xml"/>
        <ofd:Page ID="86" BaseLoc="Pages/Page_86.xml"/>
        <ofd:Page ID="87" BaseLoc="Pages/Page_87.xml"/>
        <ofd:Page ID="88" BaseLoc="Pages/Page_88.xml"/>
        <ofd:Page ID="89" BaseLoc="Pages/Page_89.xml"/>
        <ofd:Page ID="90" BaseLoc="Pages/Page_90.xml"/>
        <ofd:Page ID="91" BaseLoc="Pages/Page_91.xml"/>
        <ofd:Page ID="92" BaseLoc="Pages/Page_92.xml"/>
        <ofd:Page ID="93" BaseLoc="Pages/Page_93.xml"/>
        <ofd:Page ID="94" BaseLoc="Pages/Page_94.xml"/>
        <ofd:Page ID="95" BaseLoc="Pages/Page_95.xml"/>
        <ofd:Page ID="96" BaseLoc="Pages/Page_96.xml"/>
        <ofd:Page ID="97" BaseLoc="Pages/Page_97.xml"/>
        <ofd:Page ID="98" BaseLoc="Pages/Page_98.xml"/>
        <ofd:Page ID="99" BaseLoc="Pages/Page_99.xml"/>
        <ofd:Page ID="100" BaseLoc="Pages/Page_100.xml"/>
        <ofd:Page ID="101" BaseLoc="Pages/Page_101.xml"/>
        <ofd:Page ID="102" BaseLoc="Pages/Page_102.xml"/>
        <ofd:Page ID="103" BaseLoc="Pages/Page_103.xml"/>
        <ofd:Page ID="104" BaseLoc="Pages/Page_104.xml"/>
        <ofd:Page ID="105" BaseLoc="Pages/Page_105.xml"/>
        <ofd:Page ID="106" BaseLoc="Pages/Page_106.xml"/>
        <ofd:Page ID="107" BaseLoc="Pages/Page_107.xml"/>
        <ofd:Page ID="108" BaseLoc="Pages/Page_108.xml"/>
        <ofd:Page ID="109" BaseLoc="Pages/Page_109.xml"/>
        <ofd:Page ID="110" BaseLoc="Pages/Page_110.xml"/>
        <ofd:Page ID="111" BaseLoc="Pages/Page_111.xml"/>
        <ofd:Page ID="112" BaseLoc="Pages/Page_112.xml"/>
        <ofd:Page ID="113" BaseLoc="Pages/Page_113.xml"/>
        <ofd:Page ID="114" BaseLoc="Pages/Page_114.xml"/>
        <ofd:Page ID="115" BaseLoc="Pages/Page_115.xml"/>
        <ofd:Page ID="116" BaseLoc="Pages/Page_116.xml"/>
        <ofd:Page ID="117" BaseLoc="Pages/Page_117.xml"/>
        <ofd:Page ID="118" BaseLoc="Pages/Page_118.xml"/>
        <ofd:Page ID="119" BaseLoc="Pages/Page_119.xml"/>
        <ofd:Page ID="120" BaseLoc="Pages/Page_120.xml"/>
        <ofd:Page ID="121" BaseLoc="Pages/Page_121.xml"/>
        <ofd:Page ID="122" BaseLoc="Pages/Page_122.xml"/>
        <ofd:Page ID="123" BaseLoc="Pages/Page_123.xml"/>
        <ofd:Page ID="124" BaseLoc="Pages/Page_124.xml"/>
        <ofd:Page ID="125" BaseLoc="Pages/Page_125.xml"/>
        <ofd:Page ID="126" BaseLoc="Pages/Page_126.xml"/>
        <ofd:Page ID="127" BaseLoc="Pages/Page_127.xml"/>
        <ofd:Page ID="128" BaseLoc="Pages/Page_128.xml"/>
        <ofd:Page ID="129" BaseLoc="Pages/Page_129.xml"/>
        <ofd:Page ID="130" BaseLoc="Pages/Page_130.xml"/>
        <ofd:Page ID="131" BaseLoc="Pages/Page_131.xml"/>
        <ofd:Page ID="132" BaseLoc="Pages/Page_132.xml"/>
        <ofd:Page ID="133" BaseLoc="Pages/Page_133.xml"/>
        <ofd:Page ID="134" BaseLoc="Pages/Page_134.xml"/>
        <ofd:Page ID="135" BaseLoc="Pages/Page_135.xml"/>
        <ofd:Page ID="136" BaseLoc="Pages/Page_136.xml"/>
        <ofd:Page ID="137" BaseLoc="Pages/Page_137.xml"/>
        <ofd:Page ID="138" BaseLoc="Pages/Page_138.xml"/>
        <ofd:Page ID="139" BaseLoc="Pages/Page_139.xml"/>
        <ofd:Page ID="140" BaseLoc="Pages/Page_140.xml"/>
        <ofd:Page ID="141" BaseLoc="Pages/Page_141.xml"/>
        <ofd:Page ID="142" BaseLoc="Pages/Page_142.xml"/>
        <ofd:Page ID="143" BaseLoc="Pages/Page_143.xml"/>
        <ofd:Page ID="144" BaseLoc="Pages/Page_144.xml"/>
        <ofd:Page ID="145" BaseLoc="Pages/Page_145.xml"/>
        <ofd:Page ID="146" BaseLoc="Pages/Page_146.xml"/>
        <ofd:Page ID="147" BaseLoc="Pages/Page_147.xml"/>
        <ofd:Page ID="148" BaseLoc="Pages/Page_148.xml"/>
        <ofd:Page ID="149" BaseLoc="Pages/Page_149.xml"/>
        <ofd:Page ID="150" BaseLoc="Pages/Page_150.xml"/>
        <ofd:Page ID="151" BaseLoc="Pages/Page_151.xml"/>
        <ofd:Page ID="152" BaseLoc="Pages/Page_152.xml"/>
        <ofd:Page ID="153" BaseLoc="Pages/Page_153.xml"/>
        <ofd:Page ID="154" BaseLoc="Pages/Page_154.xml"/>
        <ofd:Page ID="155" BaseLoc="Pages/Page_155.xml"/>
        <ofd:Page ID="156" BaseLoc="Pages/Page_156.xml"/>
        <ofd:Page ID="157" BaseLoc="Pages/Page_157.xml"/>
        <ofd:Page ID="158" BaseLoc="Pages/Page_158.xml"/>
        <ofd:Page ID="159" BaseLoc="Pages/Page_159.xml"/>
        <ofd:Page ID="160" BaseLoc="Pages/Page_160.xml"/>
        <ofd:Page ID="161" BaseLoc="Pages/Page_161.xml"/>
        <ofd:Page ID="162" BaseLoc="Pages/Page_162.xml"/>
        <ofd:Page ID="163" BaseLoc="Pages/Page_163.xml"/>
        <ofd:Page ID="164" BaseLoc="Pages/Page_164.xml"/>
        <ofd:Page ID="165" BaseLoc="Pages/Page_165.xml"/>
        <ofd:Page ID="166" BaseLoc="Pages/Page_166.xml"/>
        <ofd:Page ID="167" BaseLoc="Pages/Page_167.xml"/>
        <ofd:Page ID="168" BaseLoc="Pages/Page_168.xml"/>
        <ofd:Page ID="169" BaseLoc="Pages/Page_169.xml"/>
        <ofd:Page ID="170" BaseLoc="Pages/Page_170.xml"/>
        <ofd:Page ID="171" BaseLoc="Pages/Page_171.xml"/>
        <ofd:Page ID="172" BaseLoc="Pages/Page_172.xml"/>
        <ofd:Page ID="173" BaseLoc="Pages/Page_173.xml"/>
        <ofd:Page ID="174" BaseLoc="Pages/Page_174.xml"/>
        <ofd:Page ID="175" BaseLoc="Pages/Page_175.xml"/>
        <ofd:Page ID="176" BaseLoc="Pages/Page_176.xml"/>
        <ofd:Page ID="177" BaseLoc="Pages/Page_177.xml"/>
        <ofd:Page ID="178" BaseLoc="Pages/Page_178.xml"/>
        <ofd:Page ID="179" BaseLoc="Pages/Page_179.xml"/>
        <ofd:Page ID="180" BaseLoc="Pages/Page_180.xml"/>
        <ofd:Page ID="181" BaseLoc="Pages/Page_181.xml"/>
        <ofd:Page ID="182" BaseLoc="Pages/Page_182.xml"/>
        <ofd:Page ID="183" BaseLoc="Pages/Page_183.xml"/>
        <ofd:Page ID="184" BaseLoc="Pages/Page_184.xml"/>
        <ofd:Page ID="185" BaseLoc="Pages/Page_185.xml"/>
        <ofd:Page ID="186" BaseLoc="Pages/Page_186.xml"/>
        <ofd:Page ID="187" BaseLoc="Pages/Page_187.xml"/>
        <ofd:Page ID="188" BaseLoc="Pages/Page_188.xml"/>
        <ofd:Page ID="189" BaseLoc="Pages/Page_189.xml"/>
        <ofd:Page ID="190" BaseLoc="Pages/Page_190.xml"/>
        <ofd:Page ID="191" BaseLoc="Pages/Page_191.xml"/>
        <ofd:Page ID="192" BaseLoc="Pages/Page_192.xml"/>
        <ofd:Page ID="193" BaseLoc="Pages/Page_193.xml"/>
        <ofd:Page ID="194" BaseLoc="Pages/Page_194.xml"/>
        <ofd:Page ID="195" BaseLoc="Pages/Page_195.xml"/>
        <ofd:Page ID="196" BaseLoc="Pages/Page_196.xml"/>
        <ofd:Page ID="197" BaseLoc="Pages/Page_197.xml"/>
        <ofd:Page ID="198" BaseLoc="Pages/Page_198.xml"/>
        <ofd:Page ID="199" BaseLoc="Pages/Page_199.xml"/>
        <ofd:Page ID="200" BaseLoc="Pages/Page_200.xml"/>
        <ofd:Page ID="201" BaseLoc="Pages/Page_201.xml"/>
        <ofd:Page ID="202" BaseLoc="Pages/Page_202.xml"/>
        <ofd:Page ID="203" BaseLoc="Pages/Page_203.xml"/>
        <ofd:Page ID="204" BaseLoc="Pages/Page_204.xml"/>
        <ofd:Page ID="205" BaseLoc="Pages/Page_205.xml"/>
        <ofd:Page ID="206" BaseLoc="Pages/Page_206.xml"/>
        <ofd:Page ID="207" BaseLoc="Pages/Page_207.xml"/>
        <ofd:Page ID="208" BaseLoc="Pages/Page_208.xml"/>
        <ofd:Page ID="209" BaseLoc="Pages/Page_209.xml"/>
        <ofd:Page ID="210" BaseLoc="Pages/Page_210.xml"/>
        <ofd:Page ID="211" BaseLoc="Pages/Page_211.xml"/>
        <ofd:Page ID="212" BaseLoc="Pages/Page_212.xml"/>
        <ofd:Page ID="213" BaseLoc="Pages/Page_213.xml"/>
        <ofd:Page ID="214" BaseLoc="Pages/Page_214.xml"/>
        <ofd:Page ID="215" BaseLoc="Pages/Page_215.xml"/>
        <ofd:Page ID="216" BaseLoc="Pages/Page_216.xml"/>
        <ofd:Page ID="217" BaseLoc="Pages/Page_217.xml"/>
        <ofd:Page ID="218" BaseLoc="Pages/Page_218.xml"/>
        <ofd:Page ID="219" BaseLoc="Pages/Page_219.xml"/>
        <ofd:Page ID="220" BaseLoc="Pages/Page_220.xml"/>
        <ofd:Page ID="221" BaseLoc="Pages/Page_221.xml"/>
        <ofd:Page ID="222" BaseLoc="Pages/Page_222.xml"/>
        <ofd:Page ID="223" BaseLoc="Pages/Page_223.xml"/>
        <ofd:Page ID="224" BaseLoc="Pages/Page_224.xml"/>
        <ofd:Page ID="225" BaseLoc="Pages/Page_225.xml"/>
        <ofd:Page ID="226" BaseLoc="Pages/Page_226.xml"/>
        <ofd:Page ID="227" BaseLoc="Pages/Page_227.xml"/>
        <ofd:Page ID="228" BaseLoc="Pages/Page_228.xml"/>
        <ofd:Page ID="229" BaseLoc="Pages/Page_229.xml"/>
        <ofd:Page ID="230" BaseLoc="Pages/Page_230.xml"/>
        <ofd:Page ID="231" BaseLoc="Pages/Page_231.xml"/>
        <ofd:Page ID="232" BaseLoc="Pages/Page_232.xml"/>
        <ofd:Page ID="233" BaseLoc="Pages/Page_233.xml"/>
        <ofd:Page ID="234" BaseLoc="Pages/Page_234.xml"/>
        <ofd:Page ID="235" BaseLoc="Pages/Page_235.xml"/>
        <ofd:Page ID="236" BaseLoc="Pages/Page_236.xml"/>
        <ofd:Page ID="237" BaseLoc="Pages/Page_237.xml"/>
        <ofd:Page ID="238" BaseLoc="Pages/Page_238.xml"/>
        <ofd:Page ID="239" BaseLoc="Pages/Page_239.xml"/>
        <ofd:Page ID="240" BaseLoc="Pages/Page_240.xml"/>
        <ofd:Page ID="241" BaseLoc="Pages/Page_241.xml"/>
        <ofd:Page ID="242" BaseLoc="Pages/Page_242.xml"/>
        <ofd:Page ID="243" BaseLoc="Pages/Page_243.xml"/>
        <ofd:Page ID="244" BaseLoc="Pages/Page_244.xml"/>
        <ofd:Page ID="245" BaseLoc="Pages/Page_245.xml"/>
        <ofd:Page ID="246" BaseLoc="Pages/Page_246.xml"/>
        <ofd:Page ID="247" BaseLoc="Pages/Page_247.xml"/>
        <ofd:Page ID="248" BaseLoc="Pages/Page_248.xml"/>
        <ofd:Page ID="249" BaseLoc="Pages/Page_249.xml"/>
        <ofd:Page ID="250" BaseLoc="Pages/Page_250.xml"/>
        <ofd:Page ID="251" BaseLoc="Pages/Page_251.xml"/>
        <ofd:Page ID="252" BaseLoc="Pages/Page_252.xml"/>
        <ofd:Page ID="253" BaseLoc="Pages/Page_253.xml"/>
        <ofd:Page ID="254" BaseLoc="Pages/Page_254.xml"/>
        <ofd:Page ID="255" BaseLoc="Pages/Page_255.xml"/>
        <ofd:Page ID="256" BaseLoc="Pages/Page_256.xml"/>
        <ofd:Page ID="257" BaseLoc="Pages/Page_257.xml"/>
        <ofd:Page ID="258" BaseLoc="Pages/Page_258.xml"/>
        <ofd:Page ID="259" BaseLoc="Pages/Page_259.xml"/>
        <ofd:Page ID="260" BaseLoc="Pages/Page_260.xml"/>
        <ofd:Page ID="261" BaseLoc="Pages/Page_261.xml"/>
        <ofd:Page ID="262" BaseLoc="Pages/Page_262.xml"/>
        <ofd:Page ID="263" BaseLoc="Pages/Page_263.xml"/>
        <ofd:Page ID="264" BaseLoc="Pages/Page_264.xml"/>
        <ofd:Page ID="265" BaseLoc="Pages/Page_265.xml"/>
        <ofd:Page ID="266" BaseLoc="Pages/Page_266.xml"/>
        <ofd:Page ID="267" BaseLoc="Pages/Page_267.xml"/>
        <ofd:Page ID="268" BaseLoc="Pages/Page_268.xml"/>
        <ofd:Page ID="269" BaseLoc="Pages/Page_269.xml"/>
        <ofd:Page ID="270" BaseLoc="Pages/Page_270.xml"/>
        <ofd:Page ID="271" BaseLoc="Pages/Page_271.xml"/>
        <ofd:Page ID="272" BaseLoc="Pages/Page_272.xml"/>
        <ofd:Page ID="273" BaseLoc="Pages/Page_273.xml"/>
        <ofd:Page ID="274" BaseLoc="Pages/Page_274.xml"/>
        <ofd:Page ID="275" BaseLoc="Pages/Page_275.xml"/>
        <ofd:Page ID="276" BaseLoc="Pages/Page_276.xml"/>
        <ofd:Page ID="277" BaseLoc="Pages/Page_277.xml"/>
        <ofd:Page ID="278" BaseLoc="Pages/Page_278.xml"/>
        <ofd:Page ID="279" BaseLoc="Pages/Page_279.xml"/>
        <ofd:Page ID="280" BaseLoc="Pages/Page_280.xml"/>
        <ofd:Page ID="281" BaseLoc="Pages/Page_281.xml"/>
        <ofd:Page ID="282" BaseLoc="Pages/Page_282.xml"/>
        <ofd:Page ID="283" BaseLoc="Pages/Page_283.xml"/>
        <ofd:Page ID="284" BaseLoc="Pages/Page_284.xml"/>
        <ofd:Page ID="285" BaseLoc="Pages/Page_285.xml"/>
        <ofd:Page ID="286" BaseLoc="Pages/Page_286.xml"/>
        <ofd:Page ID="287" BaseLoc="Pages/Page_287.xml"/>
        <ofd:Page ID="288" BaseLoc="Pages/Page_288.xml"/>
        <ofd:Page ID="289" BaseLoc="Pages/Page_289.xml"/>
        <ofd:Page ID="290" BaseLoc="Pages/Page_290.xml"/>
        <ofd:Page ID="291" BaseLoc="Pages/Page_291.xml"/>
        <ofd:Page ID="292" BaseLoc="Pages/Page_292.xml"/>
        <ofd:Page ID="293" BaseLoc="Pages/Page_293.xml"/>
        <ofd:Page ID="294" BaseLoc="Pages/Page_294.xml"/>
        <ofd:Page ID="295" BaseLoc="Pages/Page_295.xml"/>
        <ofd:Page ID="296" BaseLoc="Pages/Page_296.xml"/>
        <ofd:Page ID="297" BaseLoc="Pages/Page_297.xml"/>
        <ofd:Page ID="298" BaseLoc="Pages/Page_298.xml"/>
        <ofd:Page ID="299" BaseLoc="Pages/Page_299.xml"/>
        <ofd:Page ID="300" BaseLoc="Pages/Page_300.xml"/>
        <ofd:Page ID="301" BaseLoc="Pages/Page_301.xml"/>
        <ofd:Page ID="302" BaseLoc="Pages/Page_302.xml"/>
        <ofd:Page ID="303" BaseLoc="Pages/Page_303.xml"/>
        <ofd:Page ID="304" BaseLoc="Pages/Page_304.xml"/>
        <ofd:Page ID="305" BaseLoc="Pages/Page_305.xml"/>
        <ofd:Page ID="306" BaseLoc="Pages/Page_306.xml"/>
        <ofd:Page ID="307" BaseLoc="Pages/Page_307.xml"/>
        <ofd:Page ID="308" BaseLoc="Pages/Page_308.xml"/>
        <ofd:Page ID="309" BaseLoc="Pages/Page_309.xml"/>
        <ofd:Page ID="310" BaseLoc="Pages/Page_310.xml"/>
        <ofd:Page ID="311" BaseLoc="Pages/Page_311.xml"/>
        <ofd:Page ID="312" BaseLoc="Pages/Page_312.xml"/>
        <ofd:Page ID="313" BaseLoc="Pages/Page_313.xml"/>
        <ofd:Page ID="314" BaseLoc="Pages/Page_314.xml"/>
        <ofd:Page ID="315" BaseLoc="Pages/Page_315.xml"/>
        <ofd:Page ID="316" BaseLoc="Pages/Page_316.xml"/>
        <ofd:Page ID="317" BaseLoc="Pages/Page_317.xml"/>
        <ofd:Page ID="318" BaseLoc="Pages/Page_318.xml"/>
        <ofd:Page ID="319" BaseLoc="Pages/Page_319.xml"/>
        <ofd:Page ID="320" BaseLoc="Pages/Page_320.xml"/>
        <ofd:Page ID="321" BaseLoc="Pages/Page_321.xml"/>
        <ofd:Page ID="322" BaseLoc="Pages/Page_322.xml"/>
        <ofd:Page ID="323" BaseLoc="Pages/Page_323.xml"/>
        <ofd:Page ID="324" BaseLoc="Pages/Page_324.xml"/>
        <ofd:Page ID="325" BaseLoc="Pages/Page_325.xml"/>
        <ofd:Page ID="326" BaseLoc="Pages/Page_326.xml"/>
        <ofd:Page ID="327" BaseLoc="Pages/Page_327.xml"/>
        <ofd:Page ID="328" BaseLoc="Pages/Page_328.xml"/>
        <ofd:Page ID="329" BaseLoc="Pages/Page_329.xml"/>
        <ofd:Page ID="330" BaseLoc="Pages/Page_330.xml"/>
        <ofd:Page ID="331" BaseLoc="Pages/Page_331.xml"/>
        <ofd:Page ID="332" BaseLoc="Pages/Page_332.xml"/>
        <ofd:Page ID="333" BaseLoc="Pages/Page_333.xml"/>
        <ofd:Page ID="334" BaseLoc="Pages/Page_334.xml"/>
        <ofd:Page ID="335" BaseLoc="Pages/Page_335.xml"/>
        <ofd:Page ID="336" BaseLoc="Pages/Page_336.xml"/>
        <ofd:Page ID="337" BaseLoc="Pages/Page_337.xml"/>
        <ofd:Page ID="338" BaseLoc="Pages/Page_338.xml"/>
        <ofd:Page ID="339" BaseLoc="Pages/Page_339.xml"/>
        <ofd:Page ID="340" BaseLoc="Pages/Page_340.xml"/>
        <ofd:Page ID="341" BaseLoc="Pages/Page_341.xml"/>
        <ofd:Page ID="342" BaseLoc="Pages/Page_342.xml"/>
        <ofd:Page ID="343" BaseLoc="Pages/Page_343.xml"/>
        <ofd:Page ID="344" BaseLoc="Pages/Page_344.xml"/>
        <ofd:Page ID="345" BaseLoc="Pages/Page_345.xml"/>
        <ofd:Page ID="346" BaseLoc="Pages/Page_346.xml"/>
        <ofd:Page ID="347" BaseLoc="Pages/Page_347.xml"/>
        <ofd:Page ID="348" BaseLoc="Pages/Page_348.xml"/>
        <ofd:Page ID="349" BaseLoc="Pages/Page_349.xml"/>
        <ofd:Page ID="350" BaseLoc="Pages/Page_350.xml"/>
        <ofd:Page ID="351" BaseLoc="Pages/Page_351.xml"/>
        <ofd:Page ID="352" BaseLoc="Pages/Page_352.xml"/>
        <ofd:Page ID="353" BaseLoc="Pages/Page_353.xml"/>
        <ofd:Page ID="354" BaseLoc="Pages/Page_354.xml"/>
        <ofd:Page ID="355" BaseLoc="Pages/Page_355.xml"/>
        <ofd:Page ID="356" BaseLoc="Pages/Page_356.xml"/>
        <ofd:Page ID="357" BaseLoc="Pages/Page_357.xml"/>
        <ofd:Page ID="358" BaseLoc="Pages/Page_358.xml"/>
        <ofd:Page ID="359" BaseLoc="Pages/Page_359.xml"/>
        <ofd:Page ID="360" BaseLoc="Pages/Page_360.xml"/>
        <ofd:Page ID="361" BaseLoc="Pages/Page_361.xml"/>
        <ofd:Page ID="362" BaseLoc="Pages/Page_362.xml"/>
        <ofd:Page ID="363" BaseLoc="Pages/Page_363.xml"/>
        <ofd:Page ID="364" BaseLoc="Pages/Page_364.xml"/>
        <ofd:Page ID="365" BaseLoc="Pages/Page_365.xml"/>
        <ofd:Page ID="366" BaseLoc="Pages/Page_366.xml"/>
        <ofd:Page ID="367" BaseLoc="Pages/Page_367.xml"/>
        <ofd:Page ID="368" BaseLoc="Pages/Page_368.xml"/>
        <ofd:Page ID="369" BaseLoc="Pages/Page_369.xml"/>
        <ofd:Page ID="370" BaseLoc="Pages/Page_370.xml"/>
        <ofd:Page ID="371" BaseLoc="Pages/Page_371.xml"/>
        <ofd:Page ID="372" BaseLoc="Pages/Page_372.xml"/>
        <ofd:Page ID="373" BaseLoc="Pages/Page_373.xml"/>
        <ofd:Page ID="374" BaseLoc="Pages/Page_374.xml"/>
        <ofd:Page ID="375" BaseLoc="Pages/Page_375.xml"/>
        <ofd:Page ID="376" BaseLoc="Pages/Page_376.xml"/>
        <ofd:Page ID="377" BaseLoc="Pages/Page_377.xml"/>
        <ofd:Page ID="378" BaseLoc="Pages/Page_378.xml"/>
        <ofd:Page ID="379" BaseLoc="Pages/Page_379.xml"/>
        <ofd:Page ID="380" BaseLoc="Pages/Page_380.xml"/>
        <ofd:Page ID="381" BaseLoc="Pages/Page_381.xml"/>
        <ofd:Page ID="382" BaseLoc="Pages/Page_382.xml"/>
        <ofd:Page ID="383" BaseLoc="Pages/Page_383.xml"/>
        <ofd:Page ID="384" BaseLoc="Pages/Page_384.xml"/>
        <ofd:Page ID="385" BaseLoc="Pages/Page_385.xml"/>
        <ofd:Page ID="386" BaseLoc="Pages/Page_386.xml"/>
        <ofd:Page ID="387" BaseLoc="Pages/Page_387.xml"/>
        <ofd:Page ID="388" BaseLoc="Pages/Page_388.xml"/>
        <ofd:Page ID="389" BaseLoc="Pages/Page_389.xml"/>
        <ofd:Page ID="390" BaseLoc="Pages/Page_390.xml"/>
        <ofd:Page ID="391" BaseLoc="Pages/Page_391.xml"/>
        <ofd:Page ID="392" BaseLoc="Pages/Page_392.xml"/>
        <ofd:Page ID="393" BaseLoc="Pages/Page_393.xml"/>
        <ofd:Page ID="394" BaseLoc="Pages/Page_394.xml"/>
        <ofd:Page ID="395" BaseLoc="Pages/Page_395.xml"/>
        <ofd:Page ID="396" BaseLoc="Pages/Page_396.xml"/>
        <ofd:Page ID="397" BaseLoc="Pages/Page_397.xml"/>
        <ofd:Page ID="398" BaseLoc="Pages/Page_398.xml"/>
        <ofd:Page ID="399" BaseLoc="Pages/Page_399.xml"/>
        <ofd:Page ID="400" BaseLoc="Pages/Page_400.xml"/>
        <ofd:Page ID="401" BaseLoc="Pages/Page_401.xml"/>
        <ofd:Page ID="402" BaseLoc="Pages/Page_402.xml"/>
        <ofd:Page ID="403" BaseLoc="Pages/Page_403.xml"/>
        <ofd:Page ID="404" BaseLoc="Pages/Page_404.xml"/>
        <ofd:Page ID="405" BaseLoc="Pages/Page_405.xml"/>
        <ofd:Page ID="406" BaseLoc="Pages/Page_406.xml"/>
        <ofd:Page ID="407" BaseLoc="Pages/Page_407.xml"/>
        <ofd:Page ID="408" BaseLoc="Pages/Page_408.xml"/>
        <ofd:Page ID="409" BaseLoc="Pages/Page_409.xml"/>
        <ofd:Page ID="410" BaseLoc="Pages/Page_410.xml"/>
        <ofd:Page ID="411" BaseLoc="Pages/Page_411.xml"/>
        <ofd:Page ID="412" BaseLoc="Pages/Page_412.xml"/>
    </ofd:Pages>
</ofd:Document>